feature,pc1,pc2,pc3,pc4,pc5,pc6,pc7,pc8,pc9,pc10,pc11,pc12,pc13,pc14,pc15,pc16,pc17,pc18,pc19,pc20,pc21,pc22,pc23,pc24
spy_ret_1d,-0.06868696472924941,0.06368308065689196,-0.06211719263415269,-0.07590077770539738,-0.19104324615080592,-0.01770262340566448,0.072587567769719,-0.10005552129203804,-0.04712620208313347,0.19318988095991843,0.4074992945724458,0.22397491219016852,-0.08972290925152426,0.04040241050444479,-0.02690556114001707,0.5082467538498342,0.0058277537394999575,0.09421043278935903,0.09324301740992062,-0.22295108374071132,0.23093775551307397,-0.19217172842168634,0.20532153144809134,-0.08138279415679589
spy_ret_5d,-0.1476620999586269,0.0930920120230892,-0.023837075222277182,-0.1964465062817915,-0.26762333106804376,0.01744364859775266,0.047807752462330835,0.008580509807128364,0.21682762239082368,0.1807077417557815,0.12311497586087933,0.06454227727621199,-0.06110369741580107,0.08086258999682225,0.09971616224325665,-0.010483485101349818,-0.1775151837971966,0.21553132141366244,-0.07551142611256159,0.18304410870541404,-0.06708308061088183,0.025293480577899777,-0.045329954602601655,0.09747343575133616
spy_ret_20d,-0.2294201363943119,0.12212754554510807,-0.010039363766730014,-0.18682263493429174,0.02443166701949001,-0.03010441142097633,0.14885269966443238,-0.01636045687201812,0.09998893264084102,0.10751175368202173,-0.14939483081527039,0.032868743168738446,0.09262941171223563,-0.06493048991259939,-0.002065549969188513,0.1975427379242606,0.08761997355068958,-0.10599448870840365,-0.021184448881482226,-0.03695665396394565,0.10935030568249883,0.04030402022233168,0.16065587890080144,0.12690616909348407
spy_vol_5d,0.2758212315213622,-0.12211026267276706,-0.045357779938614395,-0.017922975357880844,-0.053365794349050866,0.03882490237537367,-0.06693631012115127,-0.0017418100734568343,-0.08282268770160198,0.025369672191274617,0.14917248531077232,0.013502569670331532,0.014200606398183928,0.06684008438676013,0.08024949838707914,0.1155645654095113,-0.011482953803746464,0.0944468045234873,-0.0912836408203145,-0.07956284954193758,0.0362966923389961,-0.06882824021201048,0.11108552695366386,0.027624456733632903
spy_vol_20d,0.2623418992463978,-0.10957236472890608,-0.06864531736250623,-0.11488589537450453,-0.1895303451987591,0.0076532095747995355,-0.06739376195128932,0.0346469356114211,-0.06489174989366538,0.026050055431889336,-0.021573500335519455,-0.025130123160996796,-0.04705646933152676,0.036113497658421645,0.15317402695273347,0.01624027716513818,-0.08553089889357222,0.026776415455140645,-0.00541036106105975,-0.06141514749190889,0.008218316522658864,0.09170442577208698,-0.0025927220828518283,0.13875474902768964
spy_drawdown_60d,-0.2813172221348669,0.10306229110717563,0.04601057935212666,-0.008953178017474583,0.0582408910769244,0.016731108072195047,0.14080792727442007,-0.04865400903133843,0.16905312194417846,-0.026546824680932807,0.04819156091237736,0.010740653617572801,0.15008557236346579,-0.04609775688737776,-0.11051601685981247,0.08827103251457497,0.038256521015912724,-0.018458409880575094,-0.03950841191387003,0.004099656858609052,0.014167439111515967,-0.09819463853834909,0.023013577771373847,-0.08611889177908853
spy_ma_gap_5_20,-0.21301071090748605,0.10712031847025766,-0.002881444146191181,-0.18941165441008864,-0.001627287147763834,-0.023885530183060093,0.13134157341864097,0.005176530331950063,0.11430995536198957,0.0809314325223735,-0.29990504746479685,-0.03449527016702081,0.08829789134840833,-0.09560518683587702,0.03792817762717628,0.07888800169415543,0.05338231385869723,-0.15117947531478407,-0.00798038811845439,-0.10312870090823613,0.013453994859980362,0.16130106067541206,0.09494415453724392,0.20708929912100063
spy_intraday_range,0.2776689948345181,-0.10738351776796758,-0.027089780980558198,0.023793644243224943,0.09596132966192007,0.004055317898914335,-0.05409119790555067,0.01972624976780607,-0.08922314753751864,0.02848218343626896,0.03713472175100034,0.037538480392722576,-0.009703038647838051,0.012576269196254812,0.0646178756642067,0.17130303272646427,-0.003148346725073461,0.11358221953001169,-0.09437198549100442,-0.11609466281974062,0.01358379177352817,-0.00823714964112185,0.1853495413585531,0.0609954960857663
spy_volume_z_20,0.07919717971730997,-0.024306021299048068,0.03954312006831365,0.13849045550865913,0.38412020875327935,0.01756473036281625,0.0013196870370147246,-0.03379523033715609,0.12006862771329131,0.08139022927523187,-0.06627501452550642,0.05517397412669518,0.07751983327939364,0.03339421454299132,0.0953327457148752,0.08790652429381868,-0.058394749571558976,0.16690368837231312,-0.3552044695899246,0.12075205410556686,0.006700146512847602,-0.1606434330638613,0.20072457540619976,-0.293819442554245
tlt_ret_1d,0.0601499480680497,-0.1357031023388365,0.1557883590771576,0.03695511222379111,-0.0025183573762004585,-0.11760633490198998,0.006711203260060694,0.04058695182650213,0.353670027753758,-0.13316898421816664,-0.026462253980093664,-0.2574121643737792,0.0030692197140182453,0.02378107727362371,-0.03589245429757828,-0.2070997677150599,0.075185838473543,0.2805292429066382,0.21994439275298167,0.037020132958033455,0.5101358086007417,-0.08307101897749254,0.1067256709719689,0.012310762799795188
tlt_ret_5d,-0.0037617009783513827,-0.15501893600251493,0.3068340967078231,-0.026509447314475104,-0.02191586476903941,-0.2721688881903366,0.1354138136601426,0.05057591297432863,0.03854223959428611,-0.029076212610869623,-0.036352241110874164,0.017391652717241343,-0.15663580157454823,-0.06646381348217834,-0.0021104958681269007,0.019360087296257433,-0.0880950753755699,0.019732380403295974,-0.057070933570465866,0.056803329721093004,-0.0024829320735887672,0.007635852709925894,0.03890905892929414,-0.01327000009969237
tlt_ret_20d,-0.018687115636671043,-0.16396712696002397,0.2733629716173836,-0.07257002393776935,-0.0960695611833926,0.061046133807805714,0.09195244243276579,-0.1069879691885508,-0.11059597112384012,0.07345896665604115,0.014264570284825445,-0.018113422674238544,0.34701155319338317,0.20694926499701236,-0.09221959042214684,-0.08274989771893648,-0.04204861398054976,0.01277844828752648,-0.008167116375647224,-0.05772945853015064,-0.0607884483387833,0.07311142037153735,0.011951808771663575,-0.047876935241813814
tlt_vol_5d,0.23676357368137624,-0.03266837640284154,-0.014809921039069857,-0.010848655060359147,-0.06539234423455238,-0.03225275440540565,0.006864692773636785,-0.06547014681479141,0.25341789448848406,0.08745061162039602,0.13557838238771322,-0.008010880738086812,0.16870119888572205,-0.08373150764378945,-0.2688122211822155,-0.04331853432537146,0.020939638007724467,-0.21443048362748932,-0.04256300765810771,0.07376307169979161,0.13841040885135322,-0.10155590137540627,-0.07982235117533175,-0.2687385988220222
tlt_vol_20d,0.2517477368925584,-0.014032012912140934,-0.046670391830843934,-0.09222295011139316,-0.19942733754830283,-0.0687111739998233,0.0005896223486583363,-0.05731726346887997,0.1778263650449266,0.06526674031084553,-0.09903422205736653,-0.0013993183608620174,0.08781144868762683,-0.05678012011445504,-0.16697894967894916,-0.04333616441971053,-0.045174056201330026,-0.19263547510203866,0.007335196769834046,0.10086712665930553,-0.00020821973308196573,0.052025823289284595,0.06949837766629516,-0.1910046242499872
tlt_drawdown_60d,-0.12702403417477892,-0.15970833159813735,0.23056441723491847,-0.058537959632963876,0.011805123264222402,0.08323890446666898,0.04965632212431692,-0.09320574891271438,-0.10415378644496398,0.010810865549860882,-0.009269447714455894,-0.10434689366044508,0.2992773544661733,0.1552685264088145,0.10159044453362666,-0.0786074001243365,0.011659861396332025,0.11619828084770464,0.046826592356865676,-0.06672388093404044,0.07235041135239392,-0.22670168729464973,-0.06105397701161809,0.0069859500886329876
tlt_ma_gap_5_20,-0.018707701345612577,-0.14413930221247218,0.2600647251954194,-0.08565742565632445,-0.10737994010637193,0.05678706237953436,0.09641461746497086,-0.09000496466842664,-0.19261271696741591,0.09266834379808697,0.02518466565367014,0.09529395435188548,0.3116958914030644,0.21950526253416497,-0.05421635319771355,-0.004916706057239484,-0.08941307614859052,-0.08716201296333141,-0.046098346474134855,-0.05759314464881565,-0.1957306221132713,0.10180416727336414,0.042333365764647496,-0.11340642909392573
tlt_intraday_range,0.23572874929674872,-0.036884414764642284,-0.041045389240320286,0.021319983889930894,0.045760937559429414,-0.009370137654754489,0.03642582532114148,-0.05587054917347162,0.26256760537245044,0.23213855672807854,0.07231660958835329,0.07044062868811696,0.0939672084066156,0.02825817134824811,-0.1480981608980657,0.10630453336655218,-0.042651725191197885,-0.15606598636255475,-0.11913480339886061,-0.07292585548505008,0.08258759695868759,0.11449479529972804,-0.018708076576869362,0.18827001886882827
tlt_volume_z_20,0.057627760685121265,-0.02806627417643329,0.024680880966823797,0.10281858314994692,0.3052066518095793,0.11788738848086401,0.07233480064179172,-0.027670806393884324,0.2586303678200937,0.26686067686487464,-0.024297703874836013,0.05480732429792745,0.09341257524951932,0.11064107121960268,0.2124544619485815,0.08376077568795705,-0.11946951257978337,0.07334054337029952,-0.29009888709599685,0.18176088650169803,0.071244820333486,0.17332727181743038,-0.22033826798961736,0.2956367368612931
gld_ret_1d,-0.010961430374223544,-0.02287728138407767,0.07804202469657591,-0.02325043528300758,0.006154422984015825,-0.12462269878742183,-0.31430888553078834,0.18720110328967193,0.3525509705027081,-0.029797427232577,-0.03256321969629506,-0.037701816253210174,0.05616466078004804,0.3765986598879545,0.08057193783036598,0.12838326013071316,0.36273194966760347,-0.03070577331646751,0.1292443401031767,-0.32114925135416295,-0.1513890207198768,-0.0555247692209693,-0.09678849006783838,0.05474643997021007
gld_ret_5d,-0.0027071240846171206,-0.02620542670020396,0.19569879203894414,-0.14368322218519608,0.012554072602137962,0.06502749625081235,-0.25846984879977974,0.2810445939462081,0.21577523198072202,-0.01305834196117489,0.005350168248485443,0.12020717486065874,-0.16264178041277236,0.0894504316205469,-0.008647049729562284,0.0501407314046566,0.03542696550102374,-0.18077796870916862,0.012029599451995887,0.045085811648808816,-0.32442015459036155,-0.07925180162087744,0.16350367557882625,-0.008648206601313338
gld_ret_20d,0.003933722939580748,0.0014969287463293202,0.21608686776673236,-0.22016980325279853,0.04688761559484448,0.33296279643590737,-0.13078677322366045,0.1524868772424445,-0.03664540179806533,0.001031160116114524,0.06508139932977902,0.03790206749584041,-0.06056706290822303,-0.10745945611060762,-0.1199009826828984,-0.013268371672238056,0.06757486958189972,-0.028829430910466414,-0.09122818557348181,0.020716812498972642,0.17045875649311584,0.042861685973649366,-0.07789038149703281,0.05780879959572073
gld_vol_5d,0.11607534289772513,-0.028430895158009326,-0.009230553546255934,-0.1194160116931633,-0.009370899798440385,0.2742179142981908,0.3597999491173501,-0.02442984466103224,0.06199605796594254,-0.11427759153239309,-0.052819575637765896,-0.07858104646286437,-0.18131151148415825,0.2073350751659494,-0.09020755858388885,-0.04690569272322849,0.11989746739582234,0.11578632567487285,0.0024911424176773944,0.04714028849114382,0.011448859355487138,-0.22760875462071234,-0.06473438042954721,0.06097008594437045
gld_vol_20d,0.13645371915246257,-0.03615752093409338,-0.04845408285744047,-0.17044221955670666,-0.08781106103206486,0.2005230675016409,0.33975261389384964,-0.0006194025621796199,0.10465118373135779,-0.178173343204644,-0.10721776617571721,-0.1303646586123096,-0.1122759871444311,0.16890559405798222,-0.04266657329043852,0.1328661423202408,0.14869058887723646,-0.04890332862372143,-0.15088210785851455,0.009002985269283184,-0.08287832587116867,-0.0777760534712027,-0.013016211105696437,0.04422234922064722
gld_drawdown_60d,-0.02842894707438136,0.0068318274671644455,0.23017649032688206,-0.18545705455787864,0.06847841667503696,0.19341064151204573,-0.3104572758240482,0.060836596729132525,-0.03180815826886298,0.046311198138356685,0.06794759390254054,-0.05603100359442009,0.03054564183586017,-0.1298563521800794,0.015041606561081666,0.06695873153269016,0.07901963434070444,-0.006776030654433468,-0.023570246000402934,0.022928272210608336,0.19937085589997786,-0.08137149011210622,-0.10850846824444269,0.049380512846237325
gld_ma_gap_5_20,-0.0016297576061803055,-0.00017016805210078113,0.21445836384045291,-0.2037644571170326,0.047485103424792265,0.3318839383925262,-0.09817500397150657,0.14821209468511115,-0.12048808372767486,-0.003885542298489578,0.06647297485375872,0.13920676256939707,-0.09755093454349162,-0.16523675585875175,-0.11903541010555876,-0.06938591026932865,-0.034510772908592315,-0.12086486244952371,-0.06063204046947321,0.12027443743076292,0.12314301460537272,0.04643999107515025,0.004354453760572433,-0.053312562474805314
gld_intraday_range,0.12361525040123615,-0.03830127629215869,0.020530384166972566,-0.041556205222720334,0.12795371283989498,0.25414022458042645,0.3437271234404574,-0.09568493067105702,0.07103539347950871,0.008547478403264619,0.02065566996945237,0.10817778937293583,-0.13849085775661482,-0.13586992621830937,-0.022718865366420964,-0.10387316548078734,-0.02448595184284296,-0.020987491645015732,0.3354366970897725,-0.23375981622740605,-0.07444442043323354,0.0369528667017508,0.10415706510843895,0.18265525652522843
gld_volume_z_20,0.02215354806792714,-0.02569949471558285,0.09070121114817672,0.06534885720775156,0.2746202583065794,0.15348267172972485,0.07204768544589801,-0.035166402523366676,0.18920475915931684,0.2824017468905813,0.037408886891863245,0.19357583705849088,-0.10657963648671603,-0.10370063960581824,0.22976260562377696,-0.17278507947513855,-0.12514574281417695,0.033592030081339014,0.36674147624382236,-0.23778381290129108,-0.1774080801855413,-0.05519694599115206,-0.11330584470592536,-0.30289799381902727
qqq_spy_log_ratio,0.12636303198195847,0.18914796779141219,0.0361801684932581,-0.18364233730288623,0.0764138696517454,-0.0501521991326034,0.1167087990289734,0.22374662045348737,-0.054830998207137695,-0.10335718500982442,0.07694840148285284,-0.06454461066341094,0.21038392802607353,-0.18756435955144302,0.1173567317454815,0.1275013201522945,0.0667263515295463,0.28551160107519713,0.08058130279785364,0.009574231069284428,-0.061597865378793776,0.03850492817952653,-0.12566346699763237,-0.10789876396906886
qqq_spy_ratio_chg_5d,-0.015079121662175099,-0.01632639568375529,0.02709780364001741,-0.06662621733856441,-0.13150552092825762,-0.05680462529531465,0.1046128300218831,-0.14423903410289157,0.0814898973933728,0.05318929806376718,0.39162744492960566,-3.923760298410808e-05,0.03959765073172754,-0.24440584964718917,0.38376278140436004,-0.3708751255840112,0.5250754770859264,-0.07410799981304415,-0.25061352382407914,0.037975420139628985,-0.11387402560066437,0.07659531056718066,0.22313360428310558,0.017668025960966866
spy_tlt_corr_20d,0.06557401470849424,0.24010331395658602,0.014273387442484398,0.008385297997817873,0.06309284616896349,-0.09472177683624984,0.08651173022112137,0.1317792962614945,0.06348321780019903,-0.211618012433713,0.14918952271982594,0.2202348146129273,-0.024483605186645423,0.01340339848919389,0.018321665331407888,-0.07873510336542128,-0.08818825288472935,-0.2631444121498389,-0.05558232036193894,0.1190680373712399,0.12096602141856261,-0.27235771980157775,-0.06479474232237975,0.0005791486944244084
spy_gld_corr_20d,0.0763658485715955,0.12727831119773209,-0.036980537187509877,-0.005287689765341296,0.058341169745303366,-0.13652875249914448,0.07980786379574906,0.21751771470461126,-0.04371112942913616,-0.25078389941693463,0.11863677181925757,0.39947301434253585,0.23668330449413297,0.17567869845751424,0.08152505695026624,-0.25731852285365364,-0.1846683674859675,-0.07856460733933548,-0.023438028032720548,-0.08695231396551747,0.04102283239012032,-0.20283309862400886,0.009909771114275136,0.30752960603889956
vix_level,0.28449700422223767,-0.1282200289336899,-0.08068260269123423,-0.0950891418301231,0.024342024108290103,-0.00403096904181061,-0.01642330687420694,0.1565996268582252,-0.10411232199014914,-0.027536632095341074,-0.024820222168780853,-0.016182167625187514,0.021967667394512714,-0.04240256460599391,0.056296120174812364,0.030251095017543313,0.04355377710475539,0.11951478535678842,-0.013564074589376418,-0.008309046451801805,-0.05530977601847181,0.08467637731564091,0.017045486449263347,0.0489645377580567
vix_change_5d,0.09463173386904003,-0.07885369001060948,0.06728726795887166,0.15743434169841125,0.3522973104247931,-0.00023559709131019895,0.022293568951749866,-0.01092815729412768,-0.14556145864911066,-0.1360334578360119,-0.10491612434166286,-0.05664993403105759,0.10270265801639179,-0.13088988822734998,-0.15243207753548224,0.1154955303884269,0.2177663260622023,-0.1736045315932632,-0.0076219171133117825,-0.10533742744496663,-0.01896604106883898,-0.028721546359406096,0.3668694561807395,0.1188818301940581
tnx_level,0.07390471676041581,0.2949561977588365,0.1532488487814375,0.032132998987986494,0.03361281730281745,0.018949046188811276,-0.016303025159727084,-0.14490690293712483,-0.014540674482629416,-0.13534000919254324,0.07516236628810283,-0.1256780681261824,-0.15007875936029,0.1934580243615943,0.08485902079202029,-0.0074794986637553365,-0.08687190776029048,-0.0610836971055381,-0.07481467955294831,-0.109478088694643,0.030968422410050902,0.17781909325324208,0.03485799042822849,-0.0729005179978779
tnx_change_5d,-0.0057480640879738745,0.15594230341545476,-0.2997916385571829,0.032443281118223574,-0.0012133717004117253,0.25903524485261825,-0.1270275214695565,-0.048196294621678445,-0.020964497763347967,0.036891277957601505,-0.005704406695065695,-0.08588699515918154,0.16206098108387912,0.013566798289626994,-0.04204140214630539,-0.11556767146694093,0.08153637904386558,-0.024357370511942596,-0.07970293657911862,-0.20698195877681896,0.04801325173336465,-0.09241466987767166,-0.12978475504786108,-0.034416948118327725
cpi_yoy,0.15990537147466308,0.186882170104274,0.040023946113933936,0.04097662540669009,-0.05796513694590619,-0.10026730317550026,0.0461065197540466,0.2467318456461778,-0.09758418446519537,0.36628357957515156,-0.06238504155639054,-0.08694864497717666,0.09501263041324153,-0.1089807957449014,-0.12087535674228359,-0.05781311946272732,0.07111126545341463,0.06241946538794407,0.1393625086247501,0.04310605189003082,-0.06087282476197075,-0.02490305244545752,0.016291834035031857,0.11463833427885187
dff_level,0.09196042602042179,0.27502676241149093,0.18824137696074134,-0.08016310347904422,0.047556035236658724,0.003934119267593013,-0.04408789084559453,-0.2107632765167823,-0.019611053145830365,-0.16158958496356132,0.02819612451983644,-0.029255106672629035,0.025221652629269106,0.03854013862801127,0.07332576012732073,0.05963497167679806,-0.0068976865490586676,0.131250700779337,-0.011951350999001811,-0.05123997416907747,0.0033924112993316486,0.055638741799089016,-0.01538267998997324,-0.027821777633226775
dff_chg_5d,-0.01463602431222754,0.07941769248393551,-0.0409198666120475,0.01580383111157077,0.04432430980235144,-0.019637547591271398,0.019029558717522176,0.03835022234152269,-0.2670262516161951,0.318343597588193,-0.21832191136467705,0.3066657390261359,-0.234562299365638,0.4027815152072156,-0.03844158092332527,-0.1812151070179798,0.3770720670481699,0.09560088951592402,0.01685419062715561,0.19990229911086813,0.21378351719369265,-0.004372713643956909,0.08474789496448733,-0.11761531120745353
dgs10_level,0.07366085486212093,0.29491609243769884,0.15326998367414174,0.031905167599318794,0.033881359594950186,0.01934174678055891,-0.015960465499411002,-0.14439196822510492,-0.014971391887622101,-0.1358152366868589,0.07512253962583103,-0.1252089376413364,-0.1503256291294935,0.19393506138726743,0.08520285300180304,-0.006752661047984532,-0.08703992543359966,-0.06094715021055556,-0.07473019100828582,-0.10867561247090875,0.030787558090197294,0.1803324178786771,0.03518952155503596,-0.07390579303649923
dgs10_chg_5d,-0.006182444858185085,0.15560602083958705,-0.3038079626100766,0.03319052037890616,-0.009869774545128676,0.2568424532583481,-0.12342773775964616,-0.04983033491756599,-0.026242922338432766,0.0471421500952999,-0.010689586186864164,-0.08894873153841082,0.16481011391889627,0.019281376469078383,-0.029912274037445914,-0.11436838719742894,0.0713881204081833,-0.018993892718973244,-0.07841542769197465,-0.1782213587211982,0.037358114719606435,-0.07213279253374999,-0.10209958732375421,-0.04178517103965164
icsa_log_level,-0.026780378719620114,-0.156099531948818,-0.1955973784854797,-0.26422440254167306,0.07941470448610961,-0.09865210105363814,0.07670836374191993,0.20386712751839958,-0.015669554158370985,-0.11321249297003544,-0.04511144605120625,0.17039949331629625,0.13736999144469023,-0.036042208434072125,0.11029152133237723,0.004403171964056168,0.007571416820404346,0.0755042301489988,0.009204071510849366,-0.09424822687991155,0.16170332413660307,0.19147317365374386,-0.0606311671822013,-0.17712227009631734
icsa_chg_4w,0.037194267125567816,0.015168916311703565,0.08162583698471128,0.14140100845892742,-0.22829047728795854,0.13407990485833,0.029429156498630767,0.05518980048522335,0.0034067253155999158,-0.08841834232123319,-0.36241654566279535,0.16810351229772041,0.09500862734019676,-0.0868334683316163,0.48846339772985364,0.15244851173073865,-0.0002979516510843164,-0.2194812657516609,0.028442351924713973,-0.07658498677632401,0.33030238723290356,0.06800052917169144,0.02117677265685844,-0.17273654450494105
indpro_yoy,-0.023797534539441702,0.08924213582121485,0.11883341681438149,0.29244055531932844,-0.12347392643970029,0.08575190405726557,0.09339403735205234,0.26781651922323557,-0.05841145831071004,0.17516609294705887,0.1307911638056092,-0.13648141812257605,0.08768588079566632,0.08521694864136661,-0.016111314596590213,-0.08782561568081634,-0.055506122733370286,-0.07395901496330419,0.030505874985751195,-0.07024043353960369,0.1352464970783028,0.012182786538587015,0.11186077106774124,0.19895413517641378
nfci_level,0.21698641293229073,0.06444362941192688,-0.012549061173945551,-0.20686723581225955,-0.06640590312875551,-0.08861071823780245,-0.10923091883388779,-0.23840173932477496,0.01957318287079591,0.05142623994100416,-0.23620508709711557,0.13781136921327247,-0.06302303924630225,-0.028925012793521766,0.02464937485934988,-0.07042674730383766,0.009030554214954975,-0.07060570800716018,0.046483949332003636,0.021743366334587417,-0.00877964914092316,-0.05193781671665879,-0.031528606724677534,0.0694376604699421
nfci_chg_4w,0.19246126850310794,-0.09692427412756342,0.06468977383807292,0.1915122697948559,-0.26923027619473816,0.1469069482295175,0.00824166600646719,0.04331340000255711,0.050602858242722856,-0.0276464715561599,-0.04104814335552468,-0.01278156459916416,0.042866567376284165,-0.006947006188966081,0.10517071715535069,-0.018358673336749037,-0.03720226197537736,-0.030045781686978298,0.045977461201553736,0.04417944577997507,-0.018219972943138835,0.030426140920725393,0.007499354956997378,-0.04859013896409971
t10y2y_level,-0.14039403838724634,-0.21365100822457686,-0.12495581886111563,0.12447818708283168,-0.008701284627124425,0.08630627215046716,0.12240260232385708,0.18776195818588107,0.06481661673943184,-0.01888777032217716,0.1294267936986945,-0.07845844066770519,-0.10701918384229271,0.19646393811768792,-0.015060956057608951,-0.035869840857372826,-0.06647940613150786,-0.28794230706389584,-0.04722324265496348,-0.03240295808396383,0.07896404565031757,0.17101809604196572,0.06264389720718717,-0.20877249607522905
t10y2y_sign,-0.12392799299219116,-0.22923745675091423,-0.0957673755226784,0.08017057783985634,0.011978881040067254,0.14296695216916494,0.00796059401947519,0.18405386401691465,-0.056639353056416604,-0.039612950963242674,0.13943334827381784,-0.17232612261349237,-0.15582777433827646,-0.0007447964370916561,0.17372924994196862,0.11212560049135774,-0.04281348545437306,-0.03799546898472531,-0.03842541653180977,0.04970780719291604,-0.033915542725807456,0.03012110344634379,-0.07312901647895287,0.0644553560443135
t10y2y_chg_5d,0.024986057141030752,0.06603341097776677,-0.1624854885586751,0.013596637834017357,0.09536801065412637,0.2136428148365459,-0.10829000919047226,-0.10842501458715671,0.0824163902362302,-0.1638106493771497,0.1647212440682169,0.06669311052622157,0.2577003404334394,0.17376688722583963,0.06283060448229864,0.14069789953223408,0.06446888821160934,-0.01075945182017267,0.45932536498376236,0.5342037349450405,-0.04090852196681922,0.2462742397535754,0.22175554926158453,0.042624183698599785
t10yie_level,0.050134318226762696,0.28032376699260736,0.05333367178535864,0.09384540410561365,0.01074443705997246,-0.041511516783246966,0.12098111782793444,0.32577471701666894,-0.04219530366281038,0.13039679898170095,0.07476994223298719,-0.1726339610666297,0.018617117445155464,0.00044293227937657677,-0.028752585266732186,-0.01629780674646183,-0.016465494580541317,0.024088906448435674,0.037033399415218084,-0.026065426938517332,0.038085838736772924,0.18979668736297786,0.10189068998069184,-0.09658921355818059
t10yie_chg_5d,-0.07953664337186815,0.09130006665296216,-0.1319015696266185,-0.1329468849713533,-0.11998818885389831,0.1888423231586071,-0.11682979548242553,0.13344504906182586,0.15020685010043514,-0.004092723752119567,-0.19305031134028058,-0.05444248881829858,0.04014167910982599,0.010140607487202165,0.008762237456131621,-0.1909321092244412,-0.29436989387234674,0.23265973823349265,-0.13674223300454985,-0.06364775454781928,-0.10997208959771627,-0.123793438496631,0.5573689153344619,-0.08624363400196608
umcsent_level,-0.15015336177741243,-0.2188961494244451,-0.019217806572178628,0.1762622242456177,-0.07655779779417535,0.06088903058651628,-0.17705068415186448,-0.16240938591943982,0.03252454366844394,-0.05097146968733278,0.016854466480871473,0.16657673809605392,-0.03488686752056772,-0.08979911297360785,-0.016780416590555302,-0.06813968902374348,-0.05270988275844519,0.05206927229672703,0.01718822660487963,-0.018020607441948697,0.08872598787398335,-0.09913696736264534,0.0914702088592132,0.22926860916943254
umcsent_chg_3m,-0.029821687788103967,0.026081713884653315,0.0828104489955341,0.23169204644426006,-0.12375122414803952,0.09754225710762954,-0.04125478779974582,-0.008885616468372664,0.15233140303815185,-0.19247581690849638,-0.00013768099221201169,0.3738403818961409,-0.030009602562524516,-0.07013238700328674,-0.32362587168672635,-0.06309994265539687,0.10880602695614391,0.32421276006737065,-0.13469741979205627,-0.20283188717605932,0.015533499821603444,0.4445410165660327,-0.020766567121261865,0.00971119366179754
unrate_level,-0.06450953418055251,-0.16870083283643075,-0.19339432521387873,-0.2602346979059699,0.16809453657447285,-0.10503147240740018,0.0699116884358694,0.12661712061382557,-0.00899447961261831,-0.07984489189315486,0.10093063548902612,0.036406679512017134,0.03358243511429276,0.10876732325748514,-0.07777471032455684,-0.08864465144198001,-0.0049935187740426,0.019914232644564326,-0.04794813457531185,-0.10592418951478524,0.07790606815142663,0.19824905887224747,-0.02963257697134247,-0.12727697080345704
unrate_chg_3m,0.010485376118977265,-0.04616774665694818,-0.050568854291502076,-0.27996684499453667,0.18371397096182604,-0.12321225212866814,-0.15208588969460501,-0.1752515895272924,-0.06323920934931446,0.12638062925563556,0.11236693067913055,-0.17041439564210048,-0.10094330171297107,0.11350115317786953,0.04004265146239127,-0.2015344491293291,-0.20987388375401905,-0.1484989501689905,0.07975379080908637,-0.1310060603274774,0.22641601531246225,0.1655408284762502,0.15410102857720606,0.10084970728286773
