pca_components,explained_variance,compression_ratio,k,jump_penalty,silhouette,inertia,objective,jumps,min_duration_weeks,average_duration_weeks,max_duration_weeks,smoothed_weeks,min_cluster_size,max_cluster_share,cluster_sizes,market_regime_feasible,attention_ready,tuning_score
6,0.539383616451501,9.0,2,0.0,0.3226289287517194,31177.092445632665,31177.092445632665,26,3,21.444444444444443,96,28,114,0.8031088082901554,"114,465",False,False,0.3026289287517194
6,0.539383616451501,9.0,2,0.25,0.3226289287517194,31177.092445632665,31183.592445632665,26,3,21.444444444444443,96,28,114,0.8031088082901554,"114,465",False,False,0.3026289287517194
6,0.539383616451501,9.0,2,0.5,0.3226289287517194,31177.092445632665,31190.092445632665,26,3,21.444444444444443,96,28,114,0.8031088082901554,"114,465",False,False,0.3026289287517194
6,0.539383616451501,9.0,2,1.0,0.3226289287517194,31177.092445632665,31203.092445632665,26,3,21.444444444444443,96,26,114,0.8031088082901554,"114,465",False,False,0.3026289287517194
6,0.539383616451501,9.0,2,2.0,0.3175666187370611,31070.753543510822,31122.753543510822,26,3,21.444444444444443,95,21,112,0.8065630397236615,"467,112",False,False,0.2975666187370611
6,0.539383616451501,9.0,2,4.0,0.31705044080913164,31117.744218161046,31213.744218161046,24,3,23.16,95,19,110,0.8100172711571675,"469,110",False,False,0.2970504408091316
6,0.539383616451501,9.0,2,8.0,0.3175666187370611,31070.753543510822,31278.753543510822,26,3,21.444444444444443,95,14,112,0.8065630397236615,"467,112",False,False,0.2975666187370611
6,0.539383616451501,9.0,2,16.0,0.31951469177938235,31115.52908619639,31499.52908619639,24,3,23.16,95,8,109,0.8117443868739206,"470,109",False,False,0.29951469177938234
6,0.539383616451501,9.0,2,32.0,0.32564030390601295,31094.345504918936,31862.345504918936,24,3,23.16,95,0,104,0.8203799654576857,"475,104",False,False,0.30564030390601293
6,0.539383616451501,9.0,2,64.0,0.3399164369416391,31301.239865614894,32453.239865614894,18,3,30.473684210526315,102,0,97,0.8324697754749568,"97,482",False,False,0.31991643694163907
6,0.539383616451501,9.0,3,0.0,0.1824622513543201,26751.213068691937,26751.213068691937,31,3,18.09375,95,30,100,0.531951640759931,"171,308,100",True,True,0.1824622513543201
6,0.539383616451501,9.0,3,0.25,0.18111079768101332,26741.706244316272,26749.456244316272,31,3,18.09375,95,30,100,0.5250431778929189,"175,304,100",True,True,0.18111079768101332
6,0.539383616451501,9.0,3,0.5,0.18105710462877533,26724.91113866389,26740.41113866389,31,3,18.09375,95,26,100,0.5233160621761658,"303,100,176",True,True,0.18105710462877533
6,0.539383616451501,9.0,3,1.0,0.18105710462877533,26724.91113866389,26755.91113866389,31,3,18.09375,95,26,100,0.5233160621761658,"303,100,176",True,True,0.18105710462877533
6,0.539383616451501,9.0,3,2.0,0.18105710462877533,26724.91113866389,26786.91113866389,31,3,18.09375,95,24,100,0.5233160621761658,"303,100,176",True,True,0.18105710462877533
6,0.539383616451501,9.0,3,4.0,0.18105710462877533,26724.91113866389,26848.91113866389,31,3,18.09375,95,21,100,0.5233160621761658,"303,100,176",True,True,0.18105710462877533
6,0.539383616451501,9.0,3,8.0,0.18251946110801356,26692.01986787212,26940.01986787212,31,3,18.09375,95,10,98,0.5250431778929189,"304,98,177",True,True,0.18251946110801356
6,0.539383616451501,9.0,3,16.0,0.18251946110801356,26692.01986787212,27188.01986787212,31,3,18.09375,95,5,98,0.5250431778929189,"304,98,177",True,True,0.18251946110801356
6,0.539383616451501,9.0,3,32.0,0.1843894376093834,26732.84106801803,27660.84106801803,29,3,19.3,95,3,98,0.533678756476684,"309,98,172",True,True,0.1843894376093834
6,0.539383616451501,9.0,3,64.0,0.18304383303877755,27040.754642199085,28320.754642199085,20,6,27.571428571428573,101,0,80,0.542314335060449,"314,80,185",True,True,0.18304383303877755
6,0.539383616451501,9.0,4,0.0,0.17353377004672982,23797.910797102082,23797.910797102082,34,3,16.542857142857144,57,32,22,0.5354058721934369,"310,22,83,164",True,True,0.17353377004672982
6,0.539383616451501,9.0,4,0.25,0.17353377004672982,23797.910797102082,23806.410797102082,34,3,16.542857142857144,57,32,22,0.5354058721934369,"310,22,83,164",True,True,0.17353377004672982
6,0.539383616451501,9.0,4,0.5,0.17052813256407548,23806.34004673434,23822.84004673434,33,3,17.029411764705884,57,32,22,0.5284974093264249,"306,22,83,168",True,True,0.17052813256407548
6,0.539383616451501,9.0,4,1.0,0.17052813256407548,23806.34004673434,23839.34004673434,33,3,17.029411764705884,57,30,22,0.5284974093264249,"306,22,83,168",True,True,0.17052813256407548
6,0.539383616451501,9.0,4,2.0,0.18461771460392684,24025.89351810506,24091.89351810506,33,3,17.029411764705884,57,32,14,0.5492227979274611,"318,174,73,14",False,False,0.16461771460392685
6,0.539383616451501,9.0,4,4.0,0.17052813256407548,23806.34004673434,23938.34004673434,33,3,17.029411764705884,57,29,22,0.5284974093264249,"306,22,83,168",True,True,0.17052813256407548
6,0.539383616451501,9.0,4,8.0,0.17413211980384485,23821.052115562816,24093.052115562816,34,3,16.542857142857144,57,17,22,0.533678756476684,"309,22,81,167",True,True,0.17413211980384485
6,0.539383616451501,9.0,4,16.0,0.1639986249987779,23855.414912074542,24319.414912074542,29,3,19.3,67,6,22,0.5215889464594128,"302,22,79,176",True,True,0.1639986249987779
6,0.539383616451501,9.0,4,32.0,0.16698320660088617,23927.781989521365,24791.781989521365,27,3,20.678571428571427,67,3,22,0.5440414507772021,"315,22,79,163",True,True,0.16698320660088617
6,0.539383616451501,9.0,4,64.0,0.18019553393271764,24168.784274971313,25512.784274971313,21,5,26.318181818181817,72,2,22,0.538860103626943,"166,79,312,22",True,True,0.18019553393271764
6,0.539383616451501,9.0,5,0.0,0.17752776120144578,21556.83766077926,21556.83766077926,31,3,18.09375,70,43,14,0.40932642487046633,"97,237,14,83,148",False,False,0.1575277612014458
6,0.539383616451501,9.0,5,0.25,0.1603502394428861,21581.676153866618,21591.176153866618,38,3,14.846153846153847,48,41,14,0.3955094991364421,"229,143,90,103,14",False,False,0.1403502394428861
6,0.539383616451501,9.0,5,0.5,0.17752776120144578,21556.83766077926,21572.33766077926,31,3,18.09375,70,41,14,0.40932642487046633,"97,237,14,83,148",False,False,0.1575277612014458
6,0.539383616451501,9.0,5,1.0,0.17752776120144578,21556.83766077926,21587.83766077926,31,3,18.09375,70,40,14,0.40932642487046633,"97,237,14,83,148",False,False,0.1575277612014458
6,0.539383616451501,9.0,5,2.0,0.1785273897237416,21552.751814585525,21614.751814585525,31,3,18.09375,72,37,14,0.41278065630397237,"97,239,14,83,146",False,False,0.1585273897237416
6,0.539383616451501,9.0,5,4.0,0.1764892063017966,21546.417804948986,21678.417804948986,33,3,17.029411764705884,53,29,14,0.40414507772020725,"97,234,14,83,151",False,False,0.1564892063017966
6,0.539383616451501,9.0,5,8.0,0.1764892063017966,21546.417804948986,21810.417804948986,33,3,17.029411764705884,53,21,14,0.40414507772020725,"97,234,14,83,151",False,False,0.1564892063017966
6,0.539383616451501,9.0,5,16.0,0.17284495065016778,21622.98973257953,22038.98973257953,26,3,21.444444444444443,72,10,14,0.4006908462867012,"104,232,14,83,146",False,False,0.1528449506501678
6,0.539383616451501,9.0,5,32.0,0.17284495065016778,21622.98973257953,22454.98973257953,26,3,21.444444444444443,72,7,14,0.4006908462867012,"104,232,14,83,146",False,False,0.1528449506501678
6,0.539383616451501,9.0,5,64.0,0.15173486781397938,21818.736134860483,23162.736134860483,21,5,26.318181818181817,68,0,14,0.3436960276338515,"199,169,78,119,14",False,False,0.1317348678139794
6,0.539383616451501,9.0,6,0.0,0.16723161564172845,19648.413227115343,19648.413227115343,40,3,14.121951219512194,48,57,14,0.3626943005181347,"210,157,54,92,14,52",False,False,0.14723161564172846
6,0.539383616451501,9.0,6,0.25,0.16723161564172845,19648.413227115343,19658.413227115343,40,3,14.121951219512194,48,57,14,0.3626943005181347,"210,157,54,92,14,52",False,False,0.14723161564172846
6,0.539383616451501,9.0,6,0.5,0.16761268406578309,19646.69981526043,19666.69981526043,40,3,14.121951219512194,48,54,14,0.3644214162348877,"211,157,54,91,14,52",False,False,0.1476126840657831
6,0.539383616451501,9.0,6,1.0,0.16800616980993183,19644.64563874172,19684.64563874172,40,3,14.121951219512194,50,49,14,0.3609671848013817,"209,162,54,88,14,52",False,False,0.14800616980993184
6,0.539383616451501,9.0,6,2.0,0.16886697201011522,19618.388841475968,19698.388841475968,40,3,14.121951219512194,50,42,14,0.3644214162348877,"211,161,52,89,14,52",False,False,0.14886697201011523
6,0.539383616451501,9.0,6,4.0,0.16886697201011522,19618.388841475968,19778.388841475968,40,3,14.121951219512194,50,35,14,0.3644214162348877,"211,161,52,89,14,52",False,False,0.14886697201011523
6,0.539383616451501,9.0,6,8.0,0.16904129648371138,19608.307280727055,19928.307280727055,40,3,14.121951219512194,50,27,14,0.35751295336787564,"207,164,52,90,14,52",False,False,0.1490412964837114
6,0.539383616451501,9.0,6,16.0,0.16756568188892446,19625.978386902792,20249.978386902792,39,3,14.475,50,18,14,0.35751295336787564,"207,164,47,90,14,57",False,False,0.14756568188892447
6,0.539383616451501,9.0,6,32.0,0.17611363361898413,19851.102732856154,20939.102732856154,34,3,16.542857142857144,72,9,14,0.41968911917098445,"81,243,54,53,134,14",False,False,0.15611363361898414
6,0.539383616451501,9.0,6,64.0,0.14697344583901914,20281.269720317505,21817.269720317505,24,3,23.16,90,4,14,0.36614853195164077,"129,47,212,14,51,126",False,False,0.12697344583901915
6,0.539383616451501,9.0,7,0.0,0.1692041608037273,18249.54932449561,18249.54932449561,44,3,12.866666666666667,60,50,14,0.34196891191709844,"54,52,125,198,81,55,14",False,False,0.1492041608037273
6,0.539383616451501,9.0,7,0.25,0.16994100181206412,18249.677011261014,18260.677011261014,44,3,12.866666666666667,60,49,14,0.3454231433506045,"54,52,123,200,81,55,14",False,False,0.14994100181206413
6,0.539383616451501,9.0,7,0.5,0.16994100181206412,18249.677011261014,18271.677011261014,44,3,12.866666666666667,60,49,14,0.3454231433506045,"54,52,123,200,81,55,14",False,False,0.14994100181206413
6,0.539383616451501,9.0,7,1.0,0.16994100181206412,18249.677011261014,18293.677011261014,44,3,12.866666666666667,60,48,14,0.3454231433506045,"54,52,123,200,81,55,14",False,False,0.14994100181206413
6,0.539383616451501,9.0,7,2.0,0.16890645998519285,18263.670143847805,18349.670143847805,43,3,13.159090909090908,60,44,14,0.34024179620034545,"81,197,52,54,126,14,55",False,False,0.14890645998519286
6,0.539383616451501,9.0,7,4.0,0.16994100181206412,18249.677011261014,18425.677011261014,44,3,12.866666666666667,60,40,14,0.3454231433506045,"54,52,123,200,81,55,14",False,False,0.14994100181206413
6,0.539383616451501,9.0,7,8.0,0.16785124177875216,18250.220002041664,18594.220002041664,43,3,13.159090909090908,60,28,14,0.33678756476683935,"52,52,128,195,81,57,14",False,False,0.14785124177875217
6,0.539383616451501,9.0,7,16.0,0.1683199051447388,18239.22740311623,18927.22740311623,43,3,13.159090909090908,59,15,14,0.34024179620034545,"47,57,129,197,78,57,14",False,False,0.1483199051447388
6,0.539383616451501,9.0,7,32.0,0.16434940343047746,18346.260276895122,19594.260276895122,39,3,14.475,59,8,14,0.3298791018998273,"191,57,67,78,14,35,137",False,False,0.14434940343047747
6,0.539383616451501,9.0,7,64.0,0.16030680632566102,18561.032080174475,20609.032080174475,32,3,17.545454545454547,60,2,14,0.3471502590673575,"53,50,121,201,90,50,14",False,False,0.14030680632566103
6,0.539383616451501,9.0,8,0.0,0.17181491198087592,17258.408410117358,17258.408410117358,45,3,12.58695652173913,64,55,5,0.3454231433506045,"200,54,14,46,57,5,126,77",False,False,0.15181491198087593
6,0.539383616451501,9.0,8,0.25,0.17181491198087592,17258.408410117358,17269.658410117358,45,3,12.58695652173913,64,55,5,0.3454231433506045,"200,54,14,46,57,5,126,77",False,False,0.15181491198087593
6,0.539383616451501,9.0,8,0.5,0.17106607654411105,17244.008128220048,17266.508128220048,45,3,12.58695652173913,61,54,5,0.34024179620034545,"197,54,14,46,57,5,129,77",False,False,0.15106607654411106
6,0.539383616451501,9.0,8,1.0,0.17335075359665442,17239.78832141599,17283.78832141599,44,3,12.866666666666667,60,47,5,0.3436960276338515,"79,124,199,54,14,5,55,49",False,False,0.15335075359665443
6,0.539383616451501,9.0,8,2.0,0.17335075359665442,17239.78832141599,17327.78832141599,44,3,12.866666666666667,60,47,5,0.3436960276338515,"79,124,199,54,14,5,55,49",False,False,0.15335075359665443
6,0.539383616451501,9.0,8,4.0,0.17410750748468484,17209.232316500136,17385.232316500136,44,3,12.866666666666667,60,38,5,0.3454231433506045,"200,54,14,46,55,5,126,79",False,False,0.15410750748468485
6,0.539383616451501,9.0,8,8.0,0.17666823237658574,17101.2519133697,17461.2519133697,45,3,12.58695652173913,60,23,5,0.35060449050086356,"79,118,203,52,14,5,57,51",False,False,0.15666823237658575
6,0.539383616451501,9.0,8,16.0,0.17309530068180973,17081.75487250528,17801.75487250528,45,3,12.58695652173913,60,17,5,0.34024179620034545,"197,47,14,57,58,5,118,83",False,False,0.15309530068180974
6,0.539383616451501,9.0,8,32.0,0.17338542583379196,17105.95165904772,18449.95165904772,42,3,13.465116279069768,60,3,5,0.3436960276338515,"78,123,199,47,14,5,57,56",False,False,0.15338542583379197
6,0.539383616451501,9.0,8,64.0,0.16788557899492565,17464.42758588711,19384.42758588711,30,3,18.677419354838708,60,0,5,0.3471502590673575,"117,5,201,45,48,95,54,14",False,False,0.14788557899492566
6,0.539383616451501,9.0,9,0.0,0.15238437959287132,16791.147300733697,16791.147300733697,56,3,10.157894736842104,36,93,5,0.2970639032815199,"117,5,172,49,57,43,14,74,48",False,False,0.13238437959287133
6,0.539383616451501,9.0,9,0.25,0.15238437959287132,16791.147300733697,16805.147300733697,56,3,10.157894736842104,36,93,5,0.2970639032815199,"117,5,172,49,57,43,14,74,48",False,False,0.13238437959287133
6,0.539383616451501,9.0,9,0.5,0.15238437959287132,16791.147300733697,16819.147300733697,56,3,10.157894736842104,36,93,5,0.2970639032815199,"117,5,172,49,57,43,14,74,48",False,False,0.13238437959287133
6,0.539383616451501,9.0,9,1.0,0.15237411116084854,16793.220406460554,16849.220406460554,56,3,10.157894736842104,36,89,5,0.2970639032815199,"118,5,172,49,57,43,14,73,48",False,False,0.13237411116084855
6,0.539383616451501,9.0,9,2.0,0.15146262865525037,16748.33008329972,16864.33008329972,58,3,9.813559322033898,36,83,5,0.29533678756476683,"122,5,171,49,57,43,14,70,48",False,False,0.13146262865525038
6,0.539383616451501,9.0,9,4.0,0.14992264754309972,16680.85527141718,16896.85527141718,54,3,10.527272727272727,36,64,5,0.2815198618307427,"119,5,163,52,57,43,14,78,48",False,False,0.12992264754309973
6,0.539383616451501,9.0,9,8.0,0.17633400507246078,16484.376221192128,16860.376221192128,47,3,12.0625,60,24,5,0.33678756476683935,"195,46,14,48,60,5,109,79,23",False,False,0.15633400507246079
6,0.539383616451501,9.0,9,16.0,0.17234529013327263,16526.502412289246,17230.502412289246,44,3,12.866666666666667,60,18,5,0.3333333333333333,"193,41,14,52,50,5,122,79,23",False,False,0.15234529013327264
6,0.539383616451501,9.0,9,32.0,0.1686352888377138,16622.983681268848,17902.983681268848,40,3,14.121951219512194,60,5,5,0.3281519861830743,"190,41,14,48,50,5,130,78,23",False,False,0.14863528883771382
6,0.539383616451501,9.0,9,64.0,0.16264921507745292,16801.1700916677,18849.1700916677,32,3,17.545454545454547,60,0,5,0.3298791018998273,"191,37,14,45,54,5,115,95,23",False,False,0.14264921507745293
6,0.539383616451501,9.0,10,0.0,0.14973010414667703,16110.930177571885,16110.930177571885,51,3,11.134615384615385,35,105,5,0.27979274611398963,"101,5,162,49,59,24,14,73,53,39",False,False,0.12973010414667704
6,0.539383616451501,9.0,10,0.25,0.14993634181629995,16063.313641674804,16076.063641674804,51,3,11.134615384615385,35,100,5,0.27979274611398963,"101,5,162,49,59,24,14,74,52,39",False,False,0.12993634181629996
6,0.539383616451501,9.0,10,0.5,0.14993634181629995,16063.313641674804,16088.813641674804,51,3,11.134615384615385,35,100,5,0.27979274611398963,"101,5,162,49,59,24,14,74,52,39",False,False,0.12993634181629996
6,0.539383616451501,9.0,10,1.0,0.1633411001114651,16136.98148661882,16192.98148661882,56,3,10.157894736842104,35,72,5,0.3126079447322971,"181,46,14,43,50,5,115,36,23,66",False,False,0.14334110011146511
6,0.539383616451501,9.0,10,2.0,0.16290058806597332,16111.276183467915,16223.276183467915,56,3,10.157894736842104,35,69,5,0.3126079447322971,"181,46,14,45,50,5,115,34,23,66",False,False,0.14290058806597333
6,0.539383616451501,9.0,10,4.0,0.16964779667505328,16109.483945046219,16333.483945046219,56,3,10.157894736842104,35,57,5,0.32642487046632124,"189,43,14,45,49,5,115,32,24,63",False,False,0.1496477966750533
6,0.539383616451501,9.0,10,8.0,0.17057922806793963,16018.930316400823,16458.930316400823,55,3,10.339285714285714,35,37,5,0.3229706390328152,"187,46,14,46,50,5,116,30,23,62",False,False,0.15057922806793964
6,0.539383616451501,9.0,10,16.0,0.1652539771762683,15751.421231107466,16519.421231107466,48,3,11.816326530612244,35,26,5,0.30397236614853196,"176,45,47,96,41,14,51,78,5,26",False,False,0.1452539771762683
6,0.539383616451501,9.0,10,32.0,0.16656893050367957,15920.721075024878,17296.721075024878,43,3,13.159090909090908,41,8,5,0.30397236614853196,"176,46,42,94,42,14,53,73,5,34",False,False,0.14656893050367958
6,0.539383616451501,9.0,10,64.0,0.15392741130803433,16218.874056144216,18330.874056144217,33,4,17.029411764705884,60,0,5,0.3143350604490501,"182,40,42,91,41,14,45,90,5,29",False,False,0.13392741130803434
