pca_components,explained_variance,compression_ratio,k,jump_penalty,silhouette,inertia,objective,jumps,average_duration_weeks,min_cluster_size,max_cluster_share,cluster_sizes,market_regime_feasible,attention_ready,tuning_score
2,0.28276326941569363,27.0,2,0.0,0.48551331090398814,5405.920031033122,5405.920031033122,17,32.166666666666664,210,0.6373056994818653,"369,210",True,False,0.47551331090398813
2,0.28276326941569363,27.0,2,0.1,0.48551331090398814,5405.920031033122,5407.620031033121,17,32.166666666666664,210,0.6373056994818653,"369,210",True,False,0.47551331090398813
2,0.28276326941569363,27.0,2,0.25,0.48551331090398814,5405.920031033122,5410.170031033122,17,32.166666666666664,210,0.6373056994818653,"369,210",True,False,0.47551331090398813
2,0.28276326941569363,27.0,2,0.5,0.485429158323566,5407.206045595047,5413.706045595047,13,41.357142857142854,210,0.6373056994818653,"369,210",True,False,0.47542915832356597
2,0.28276326941569363,27.0,2,1.0,0.48586895067301117,5408.194554883485,5419.194554883485,11,48.25,209,0.6390328151986183,"370,209",True,False,0.47586895067301116
2,0.28276326941569363,27.0,2,2.0,0.4847749504067942,5414.028331303218,5428.028331303218,7,72.375,209,0.6390328151986183,"370,209",False,False,0.4747749504067942
2,0.28276326941569363,27.0,2,4.0,0.48519882344035986,5420.631219954477,5440.631219954477,5,96.5,207,0.6424870466321243,"372,207",False,False,0.47519882344035985
2,0.28276326941569363,27.0,2,8.0,0.48452918236686376,5432.604019259803,5456.604019259803,3,144.75,205,0.6459412780656304,"374,205",False,False,0.47452918236686376
2,0.28276326941569363,27.0,2,16.0,0.48452918236686376,5432.604019259803,5480.604019259803,3,144.75,205,0.6459412780656304,"374,205",False,False,0.47452918236686376
2,0.28276326941569363,27.0,2,32.0,0.48452918236686376,5432.604019259803,5528.604019259803,3,144.75,205,0.6459412780656304,"374,205",False,False,0.47452918236686376
2,0.28276326941569363,27.0,2,64.0,0.48452918236686376,5432.604019259803,5624.604019259803,3,144.75,205,0.6459412780656304,"374,205",False,False,0.47452918236686376
2,0.28276326941569363,27.0,3,0.0,0.5029700444147055,3485.5765491667553,3485.5765491667553,17,32.166666666666664,7,0.6321243523316062,"366,206,7",False,False,0.47297004441470547
2,0.28276326941569363,27.0,3,0.1,0.5029700444147055,3485.5765491667553,3487.276549166755,17,32.166666666666664,7,0.6321243523316062,"366,206,7",False,False,0.47297004441470547
2,0.28276326941569363,27.0,3,0.25,0.5029700444147055,3485.5765491667553,3489.8265491667553,17,32.166666666666664,7,0.6321243523316062,"366,206,7",False,False,0.47297004441470547
2,0.28276326941569363,27.0,3,0.5,0.5032275423213899,3486.4198722119404,3493.9198722119404,15,36.1875,7,0.6338514680483592,"367,205,7",False,False,0.47322754232138986
2,0.28276326941569363,27.0,3,1.0,0.502673410194418,3487.7617856847755,3500.7617856847755,13,41.357142857142854,7,0.6321243523316062,"366,206,7",False,False,0.472673410194418
2,0.28276326941569363,27.0,3,2.0,0.502556199549958,3492.8558620015087,3510.8558620015087,9,57.9,7,0.6373056994818653,"369,203,7",False,False,0.472556199549958
2,0.28276326941569363,27.0,3,4.0,0.5019807395996623,3496.930736452945,3524.930736452945,7,72.375,7,0.6390328151986183,"370,202,7",False,False,0.47198073959966225
2,0.28276326941569363,27.0,3,8.0,0.5009525145391738,3505.867014758426,3545.867014758426,5,96.5,7,0.6424870466321243,"372,200,7",False,False,0.47095251453917375
2,0.28276326941569363,27.0,3,16.0,0.5009525145391738,3505.867014758426,3585.867014758426,5,96.5,7,0.6424870466321243,"372,200,7",False,False,0.47095251453917375
2,0.28276326941569363,27.0,3,32.0,0.4994448502872946,3555.933328048295,3651.933328048295,3,144.75,6,0.6424870466321243,"372,201,6",False,False,0.46944485028729455
2,0.28276326941569363,27.0,3,64.0,0.4994448502872946,3555.933328048295,3747.933328048295,3,144.75,6,0.6424870466321243,"372,201,6",False,False,0.46944485028729455
2,0.28276326941569363,27.0,4,0.0,0.4996257029923455,2503.5630861354093,2503.5630861354093,80,7.148148148148148,5,0.5354058721934369,"189,310,5,75",False,False,0.46962570299234546
2,0.28276326941569363,27.0,4,0.1,0.4996257029923455,2503.5630861354093,2511.5630861354093,80,7.148148148148148,5,0.5354058721934369,"189,310,5,75",False,False,0.46962570299234546
2,0.28276326941569363,27.0,4,0.25,0.49981790282318667,2503.783745672182,2523.283745672182,78,7.329113924050633,5,0.533678756476684,"190,309,5,75",False,False,0.46981790282318664
2,0.28276326941569363,27.0,4,0.5,0.4994405772463121,2504.761227561454,2542.761227561454,76,7.51948051948052,5,0.5354058721934369,"189,310,5,75",False,False,0.46944057724631205
2,0.28276326941569363,27.0,4,1.0,0.5000677503367709,2506.633982025405,2579.633982025405,73,7.824324324324325,5,0.538860103626943,"188,312,5,74",False,False,0.47006775033677084
2,0.28276326941569363,27.0,4,2.0,0.4997075247523785,2515.740930645129,2649.740930645129,67,8.514705882352942,5,0.542314335060449,"189,314,5,71",False,False,0.4697075247523785
2,0.28276326941569363,27.0,4,4.0,0.49407338358686936,2549.7732530391754,2769.7732530391754,55,10.339285714285714,5,0.5440414507772021,"189,315,5,70",False,False,0.46407338358686934
2,0.28276326941569363,27.0,4,8.0,0.4384752755944355,2696.330949290994,2936.330949290994,30,18.677419354838708,7,0.5250431778929189,"304,7,68,200",False,False,0.40847527559443547
2,0.28276326941569363,27.0,4,16.0,0.4485376324138196,2910.332403824584,3118.332403824584,13,41.357142857142854,6,0.6424870466321243,"141,372,6,60",False,False,0.4185376324138196
2,0.28276326941569363,27.0,4,32.0,0.4197054906819446,3050.3617433492673,3242.3617433492673,6,82.71428571428571,6,0.6424870466321243,"134,372,6,67",False,False,0.3897054906819446
2,0.28276326941569363,27.0,4,64.0,0.41503705246401895,3160.717603894561,3416.717603894561,4,115.8,6,0.6424870466321243,"141,372,6,60",False,False,0.3850370524640189
2,0.28276326941569363,27.0,5,0.0,0.46359638468129283,1859.2914027146435,1859.2914027146435,112,5.123893805309734,7,0.4853195164075993,"143,281,86,7,62",False,False,0.4335963846812928
2,0.28276326941569363,27.0,5,0.1,0.4636599903407108,1859.2770055527149,1870.3770055527148,111,5.169642857142857,7,0.48704663212435234,"142,282,86,7,62",False,False,0.4336599903407108
2,0.28276326941569363,27.0,5,0.25,0.4641844225701094,1859.6832232291747,1886.9332232291747,109,5.263636363636364,7,0.48877374784110533,"142,283,85,7,62",False,False,0.43418442257010936
2,0.28276326941569363,27.0,5,0.5,0.46602580628854057,1861.2564175871228,1912.7564175871228,103,5.5673076923076925,7,0.49222797927461137,"143,285,83,7,61",False,False,0.43602580628854054
2,0.28276326941569363,27.0,5,1.0,0.465735052803834,1865.6155254782277,1962.6155254782277,97,5.908163265306122,7,0.4905008635578584,"145,284,84,7,59",False,False,0.43573505280383396
2,0.28276326941569363,27.0,5,2.0,0.47416155951429245,1894.860822554053,2044.860822554053,75,7.618421052631579,5,0.5267702936096719,"144,305,5,64,61",False,False,0.4441615595142924
2,0.28276326941569363,27.0,5,4.0,0.4664150927736107,1931.9661155321755,2179.9661155321755,62,9.19047619047619,5,0.533678756476684,"141,309,5,62,62",False,False,0.4364150927736107
2,0.28276326941569363,27.0,5,8.0,0.4180088031724507,2061.863008727799,2389.863008727799,41,13.785714285714286,6,0.5164075993091537,"136,72,299,6,66",False,False,0.3880088031724507
2,0.28276326941569363,27.0,5,16.0,0.40970489078431405,2192.270568308987,2656.270568308987,29,19.3,6,0.533678756476684,"143,309,6,61,60",False,False,0.379704890784314
2,0.28276326941569363,27.0,5,32.0,0.30595537284023344,2495.189953859838,2975.189953859838,15,36.1875,6,0.4905008635578584,"284,65,90,134,6",False,False,0.2759553728402334
2,0.28276326941569363,27.0,5,64.0,0.2556304077895578,2809.3350336327794,3257.3350336327794,7,72.375,6,0.5181347150259067,"141,72,300,6,60",False,False,0.2256304077895578
2,0.28276326941569363,27.0,6,0.0,0.3931781712381667,1588.4173004417462,1588.4173004417462,183,3.1467391304347827,5,0.3765112262521589,"140,118,5,38,60,218",False,False,0.36317817123816665
2,0.28276326941569363,27.0,6,0.1,0.39352851327000404,1588.5520851342458,1606.6520851342457,181,3.181318681318681,5,0.37823834196891193,"117,60,5,219,38,140",False,False,0.363528513270004
2,0.28276326941569363,27.0,6,0.25,0.39376640557079057,1588.8741551289775,1633.6241551289775,179,3.216666666666667,5,0.3799654576856649,"116,60,5,220,38,140",False,False,0.36376640557079054
2,0.28276326941569363,27.0,6,0.5,0.38909685816238726,1594.186932639622,1675.186932639622,162,3.5521472392638036,5,0.385146804835924,"141,109,5,42,59,223",False,False,0.35909685816238723
2,0.28276326941569363,27.0,6,1.0,0.3599706360205743,1617.026736761331,1741.026736761331,124,4.632,5,0.37132987910189985,"108,57,5,215,52,142",False,False,0.32997063602057425
2,0.28276326941569363,27.0,6,2.0,0.3340205326771158,1651.070855245624,1847.070855245624,98,5.848484848484849,5,0.35060449050086356,"117,57,5,203,54,143",False,False,0.30402053267711576
2,0.28276326941569363,27.0,6,4.0,0.3154338839651473,1722.0553741524195,2010.0553741524195,72,7.931506849315069,5,0.36787564766839376,"49,141,62,109,213,5",False,False,0.2854338839651473
2,0.28276326941569363,27.0,6,8.0,0.4381230422871129,1843.3974744181169,2243.397474418117,50,11.352941176470589,5,0.5215889464594128,"139,39,302,5,35,59",False,False,0.4081230422871129
2,0.28276326941569363,27.0,6,16.0,0.23645428593804052,2082.601107306955,2546.601107306955,29,19.3,6,0.38860103626943004,"92,53,57,146,6,225",False,False,0.20645428593804052
2,0.28276326941569363,27.0,6,32.0,0.18627805153100105,2338.4850651822244,2882.4850651822244,17,32.166666666666664,6,0.32124352331606215,"34,134,65,154,186,6",False,False,0.15627805153100105
2,0.28276326941569363,27.0,6,64.0,,2694.9498041979646,3206.9498041979646,8,64.33333333333333,1,0.3903281519861831,"148,58,5,226,1,141",False,False,
2,0.28276326941569363,27.0,7,0.0,0.37451287147155815,1385.6442332448069,1385.6442332448069,187,3.0797872340425534,3,0.307426597582038,"57,140,60,137,178,3,4",False,False,0.3445128714715581
2,0.28276326941569363,27.0,7,0.1,0.3743012657953197,1387.0023601153166,1404.5023601153166,175,3.289772727272727,3,0.31951640759930916,"56,140,60,131,185,3,4",False,False,0.34430126579531967
2,0.28276326941569363,27.0,7,0.25,0.37425441088733646,1387.8944931981891,1430.1444931981891,169,3.4058823529411764,3,0.32642487046632124,"56,140,60,127,189,3,4",False,False,0.34425441088733644
2,0.28276326941569363,27.0,7,0.5,0.370313534609556,1395.0857654982165,1469.0857654982165,148,3.8859060402684564,3,0.34024179620034545,"57,141,59,118,197,3,4",False,False,0.340313534609556
2,0.28276326941569363,27.0,7,1.0,0.355545856265627,1414.5477908918037,1534.5477908918037,120,4.785123966942149,3,0.34024179620034545,"58,142,57,118,197,3,4",False,False,0.325545856265627
2,0.28276326941569363,27.0,7,2.0,0.3375669645950742,1446.797690289374,1644.797690289374,99,5.79,3,0.3488773747841105,"55,143,59,113,202,3,4",False,False,0.30756696459507415
2,0.28276326941569363,27.0,7,4.0,0.3140210557980958,1529.1618249358376,1813.1618249358376,71,8.041666666666666,3,0.36787564766839376,"49,142,60,108,213,3,4",False,False,0.2840210557980958
2,0.28276326941569363,27.0,7,8.0,0.27649897051844863,1627.7831875252039,2059.783187525204,54,10.527272727272727,3,0.3229706390328152,"48,136,64,137,187,3,4",False,False,0.2464989705184486
2,0.28276326941569363,27.0,7,16.0,0.23538766739965897,1873.2245253039791,2385.224525303979,32,17.545454545454547,3,0.38860103626943004,"92,47,57,151,4,225,3",False,False,0.20538766739965897
2,0.28276326941569363,27.0,7,32.0,0.19133827000257808,2121.5003967301727,2761.5003967301727,20,27.571428571428573,2,0.36614853195164077,"128,59,2,212,34,139,5",False,False,0.16133827000257808
2,0.28276326941569363,27.0,7,64.0,0.16494910025538717,2572.79905231432,3148.79905231432,9,57.9,2,0.38687392055267705,"140,58,2,224,10,141,4",False,False,0.13494910025538717
2,0.28276326941569363,27.0,8,0.0,0.3612124224862408,1207.8355365275652,1207.8355365275652,215,2.6805555555555554,2,0.3436960276338515,"117,118,2,52,22,199,5,64",False,False,0.3312124224862408
2,0.28276326941569363,27.0,8,0.1,0.37208649129673194,1204.445382667595,1223.7453826675949,193,2.984536082474227,3,0.2970639032815199,"172,45,53,131,4,137,3,34",False,False,0.3420864912967319
2,0.28276326941569363,27.0,8,0.25,0.36982092981536996,1206.3318417261667,1252.0818417261667,183,3.1467391304347827,3,0.2918825561312608,"169,45,53,131,4,140,3,34",False,False,0.33982092981536993
2,0.28276326941569363,27.0,8,0.5,0.35296915258183037,1216.2762361744635,1302.2762361744635,172,3.346820809248555,3,0.34024179620034545,"119,119,3,197,22,55,60,4",False,False,0.32296915258183034
2,0.28276326941569363,27.0,8,1.0,0.33994081649097574,1234.6280661703229,1378.6280661703229,144,3.9931034482758623,3,0.35578583765112265,"109,118,3,206,22,56,61,4",False,False,0.3099408164909757
2,0.28276326941569363,27.0,8,2.0,0.3343855150585912,1274.6533269169774,1472.6533269169774,99,5.79,3,0.3436960276338515,"132,114,47,4,3,34,199,46",False,False,0.3043855150585912
2,0.28276326941569363,27.0,8,4.0,0.2967185358963136,1340.528194750319,1656.528194750319,79,7.2375,3,0.3126079447322971,"133,129,51,4,3,35,181,43",False,False,0.26671853589631356
2,0.28276326941569363,27.0,8,8.0,0.2765237509627619,1428.3010066711224,1916.3010066711224,61,9.338709677419354,3,0.30569948186528495,"134,138,47,4,3,34,177,42",False,False,0.24652375096276186
2,0.28276326941569363,27.0,8,16.0,0.22863971438891773,1717.4674725758719,2277.467472575872,35,16.083333333333332,3,0.30915371329879104,"138,131,40,4,3,47,179,37",False,False,0.19863971438891773
2,0.28276326941569363,27.0,8,32.0,0.1688551762163973,2082.0285280278154,2722.0285280278154,20,27.571428571428573,4,0.30915371329879104,"133,155,34,4,4,51,179,19",False,False,0.1388551762163973
2,0.28276326941569363,27.0,8,64.0,0.16253987712788762,2407.1377191656743,3111.1377191656743,11,48.25,2,0.38687392055267705,"139,140,2,10,2,224,4,58",False,False,0.13253987712788762
3,0.3790307607004756,18.0,2,0.0,0.38759599083664387,8276.516380996496,8276.516380996496,11,48.25,212,0.6338514680483592,"367,212",True,False,0.37759599083664386
3,0.3790307607004756,18.0,2,0.1,0.38759599083664387,8276.516380996496,8277.616380996496,11,48.25,212,0.6338514680483592,"367,212",True,False,0.37759599083664386
3,0.3790307607004756,18.0,2,0.25,0.38759599083664387,8276.516380996496,8279.266380996496,11,48.25,212,0.6338514680483592,"367,212",True,False,0.37759599083664386
3,0.3790307607004756,18.0,2,0.5,0.38759599083664387,8276.516380996496,8282.016380996496,11,48.25,212,0.6338514680483592,"367,212",True,False,0.37759599083664386
3,0.3790307607004756,18.0,2,1.0,0.38790110539850686,8279.91412601089,8284.91412601089,5,96.5,206,0.6442141623488774,"206,373",False,False,0.37790110539850685
3,0.3790307607004756,18.0,2,2.0,0.3881201849042462,8283.326983242527,8289.326983242527,3,144.75,205,0.6459412780656304,"205,374",False,False,0.3781201849042462
3,0.3790307607004756,18.0,2,4.0,0.3881201849042462,8283.326983242527,8295.326983242527,3,144.75,205,0.6459412780656304,"205,374",False,False,0.3781201849042462
3,0.3790307607004756,18.0,2,8.0,0.3881201849042462,8283.326983242527,8307.326983242527,3,144.75,205,0.6459412780656304,"205,374",False,False,0.3781201849042462
3,0.3790307607004756,18.0,2,16.0,0.3881201849042462,8283.326983242527,8331.326983242527,3,144.75,205,0.6459412780656304,"205,374",False,False,0.3781201849042462
3,0.3790307607004756,18.0,2,32.0,0.3881201849042462,8283.326983242527,8379.326983242527,3,144.75,205,0.6459412780656304,"205,374",False,False,0.3781201849042462
3,0.3790307607004756,18.0,2,64.0,0.3881201849042462,8283.326983242527,8475.326983242527,3,144.75,205,0.6459412780656304,"205,374",False,False,0.3781201849042462
3,0.3790307607004756,18.0,3,0.0,0.3982116280434103,6332.472626635357,6332.472626635357,7,72.375,7,0.6407599309153713,"201,371,7",False,False,0.3682116280434103
3,0.3790307607004756,18.0,3,0.1,0.39833696520941464,6332.24070820381,6332.74070820381,5,96.5,7,0.6424870466321243,"200,372,7",False,False,0.3683369652094146
3,0.3790307607004756,18.0,3,0.25,0.39833696520941464,6332.24070820381,6333.49070820381,5,96.5,7,0.6424870466321243,"200,372,7",False,False,0.3683369652094146
3,0.3790307607004756,18.0,3,0.5,0.39833696520941464,6332.24070820381,6334.74070820381,5,96.5,7,0.6424870466321243,"200,372,7",False,False,0.3683369652094146
3,0.3790307607004756,18.0,3,1.0,0.39833696520941464,6332.24070820381,6337.24070820381,5,96.5,7,0.6424870466321243,"200,372,7",False,False,0.3683369652094146
3,0.3790307607004756,18.0,3,2.0,0.39833696520941464,6332.24070820381,6342.24070820381,5,96.5,7,0.6424870466321243,"200,372,7",False,False,0.3683369652094146
3,0.3790307607004756,18.0,3,4.0,0.39833696520941464,6332.24070820381,6352.24070820381,5,96.5,7,0.6424870466321243,"200,372,7",False,False,0.3683369652094146
3,0.3790307607004756,18.0,3,8.0,0.39833696520941464,6332.24070820381,6372.24070820381,5,96.5,7,0.6424870466321243,"200,372,7",False,False,0.3683369652094146
3,0.3790307607004756,18.0,3,16.0,0.39833696520941464,6332.24070820381,6412.24070820381,5,96.5,7,0.6424870466321243,"372,7,200",False,False,0.3683369652094146
3,0.3790307607004756,18.0,3,32.0,0.3975897562715783,6381.496644105823,6477.496644105823,3,144.75,6,0.6424870466321243,"201,6,372",False,False,0.36758975627157825
3,0.3790307607004756,18.0,3,64.0,0.3975897562715783,6381.496644105823,6573.496644105823,3,144.75,6,0.6424870466321243,"201,6,372",False,False,0.36758975627157825
3,0.3790307607004756,18.0,4,0.0,0.32787096116420816,5254.267964302911,5254.267964302911,94,6.094736842105263,7,0.4784110535405872,"196,277,7,99",False,False,0.29787096116420814
3,0.3790307607004756,18.0,4,0.1,0.32787096116420816,5254.267964302911,5263.667964302911,94,6.094736842105263,7,0.4784110535405872,"196,277,7,99",False,False,0.29787096116420814
3,0.3790307607004756,18.0,4,0.25,0.32826709828851286,5254.453457087074,5277.453457087074,92,6.225806451612903,7,0.47668393782383417,"197,276,7,99",False,False,0.29826709828851283
3,0.3790307607004756,18.0,4,0.5,0.3275977307901911,5255.901037073981,5299.901037073981,88,6.50561797752809,7,0.47668393782383417,"197,276,7,99",False,False,0.2975977307901911
3,0.3790307607004756,18.0,4,1.0,0.3886646008453248,5266.35388989523,5338.35388989523,72,7.931506849315069,5,0.5509499136442142,"190,319,65,5",False,False,0.35866460084532475
3,0.3790307607004756,18.0,4,2.0,0.38693642850297233,5270.807590975428,5406.807590975428,68,8.391304347826088,5,0.5544041450777202,"190,321,63,5",False,False,0.3569364285029723
3,0.3790307607004756,18.0,4,4.0,0.37967204782948,5399.7127772402455,5503.7127772402455,26,21.444444444444443,7,0.6355785837651122,"154,368,50,7",False,False,0.34967204782947997
3,0.3790307607004756,18.0,4,8.0,0.37929929376197963,5439.080947227058,5591.080947227058,19,28.95,7,0.6373056994818653,"156,369,47,7",False,False,0.3492992937619796
3,0.3790307607004756,18.0,4,16.0,0.37656097154916207,5527.023324937187,5703.023324937187,11,48.25,7,0.6459412780656304,"159,7,374,39",False,False,0.34656097154916204
3,0.3790307607004756,18.0,4,32.0,0.36310674235313395,5626.298346673679,5850.298346673679,7,72.375,7,0.6424870466321243,"156,7,372,44",False,False,0.3331067423531339
3,0.3790307607004756,18.0,4,64.0,0.360972966533222,5748.320065395787,6004.320065395787,4,115.8,6,0.6424870466321243,"159,6,372,42",False,False,0.33097296653322195
3,0.3790307607004756,18.0,5,0.0,0.32784437506545655,4340.935553613988,4340.935553613988,139,4.135714285714286,7,0.4525043177892919,"151,262,7,109,50",False,False,0.2978443750654565
3,0.3790307607004756,18.0,5,0.1,0.38214616879898305,4343.338935353484,4354.538935353484,112,5.123893805309734,5,0.5354058721934369,"144,310,49,5,71",False,False,0.35214616879898303
3,0.3790307607004756,18.0,5,0.25,0.34086884636509296,4336.394173542128,4366.144173542128,119,4.825,7,0.4784110535405872,"151,277,7,95,49",False,False,0.31086884636509293
3,0.3790307607004756,18.0,5,0.5,0.33961552445074955,4337.259573561216,4395.759573561216,117,4.906779661016949,7,0.47668393782383417,"151,276,7,96,49",False,False,0.3096155244507495
3,0.3790307607004756,18.0,5,1.0,0.3867600461786465,4354.001242165983,4448.001242165983,94,6.094736842105263,5,0.5457685664939551,"147,316,45,5,66",False,False,0.3567600461786465
3,0.3790307607004756,18.0,5,2.0,0.38578854833936094,4367.984371140936,4527.984371140936,80,7.148148148148148,5,0.5509499136442142,"149,319,47,5,59",False,False,0.3557885483393609
3,0.3790307607004756,18.0,5,4.0,0.3839360164104408,4399.161720355318,4679.161720355318,70,8.154929577464788,5,0.5544041450777202,"150,321,47,5,56",False,False,0.35393601641044076
3,0.3790307607004756,18.0,5,8.0,0.3171526181829777,4611.867147112255,4875.867147112255,33,17.029411764705884,7,0.5043177892918825,"156,292,7,82,42",False,False,0.28715261818297766
3,0.3790307607004756,18.0,5,16.0,0.2960680463384255,4770.736655107399,5090.736655107399,20,27.571428571428573,7,0.5198618307426598,"155,301,7,71,45",False,False,0.26606804633842546
3,0.3790307607004756,18.0,5,32.0,0.2687199291610826,4939.305461698281,5323.305461698281,12,44.53846153846154,7,0.5112262521588946,"76,7,296,44,156",False,False,0.23871992916108262
3,0.3790307607004756,18.0,5,64.0,0.29064004547854033,5169.822251247762,5489.822251247762,5,96.5,6,0.5664939550949913,"44,6,328,42,159",False,False,0.2606400454785403
3,0.3790307607004756,18.0,6,0.0,0.3658256450245119,3466.6893046501505,3466.6893046501505,160,3.5962732919254656,4,0.41450777202072536,"146,240,44,4,54,91",False,False,0.3358256450245119
3,0.3790307607004756,18.0,6,0.1,0.3658256450245119,3466.6893046501505,3482.6893046501505,160,3.5962732919254656,4,0.41450777202072536,"146,240,44,4,54,91",False,False,0.3358256450245119
3,0.3790307607004756,18.0,6,0.25,0.3658256450245119,3466.6893046501505,3506.6893046501505,160,3.5962732919254656,4,0.41450777202072536,"146,240,44,4,54,91",False,False,0.3358256450245119
3,0.3790307607004756,18.0,6,0.5,0.36632241150195693,3467.231977505327,3546.231977505327,158,3.641509433962264,4,0.41450777202072536,"147,240,43,4,54,91",False,False,0.3363224115019569
3,0.3790307607004756,18.0,6,1.0,0.36992151229266157,3480.2046305810845,3611.2046305810845,131,4.386363636363637,4,0.41796200345423146,"50,150,43,242,90,4",False,False,0.33992151229266154
3,0.3790307607004756,18.0,6,2.0,0.3678333550149717,3499.6537519184462,3733.6537519184462,117,4.906779661016949,4,0.4265975820379965,"50,150,43,247,85,4",False,False,0.3378333550149717
3,0.3790307607004756,18.0,6,4.0,0.35836423833425324,3573.499195469322,3937.499195469322,91,6.293478260869565,4,0.43005181347150256,"152,249,43,4,47,84",False,False,0.3283642383342532
3,0.3790307607004756,18.0,6,8.0,0.33895401748974036,3738.2016214825735,4234.2016214825735,62,9.19047619047619,4,0.43523316062176165,"153,252,41,4,43,86",False,False,0.30895401748974033
3,0.3790307607004756,18.0,6,16.0,0.3131269641483758,3997.4308027620327,4637.430802762033,40,14.121951219512194,4,0.45077720207253885,"156,261,38,4,42,78",False,False,0.2831269641483758
3,0.3790307607004756,18.0,6,32.0,0.2603701703938422,4438.686189704205,5046.686189704205,19,28.95,4,0.44905008635578586,"156,260,44,4,28,87",False,False,0.2303701703938422
3,0.3790307607004756,18.0,6,64.0,0.2899652701950425,4964.24718956054,5348.24718956054,6,82.71428571428571,2,0.5664939550949913,"159,328,42,4,2,44",False,False,0.25996527019504245
3,0.3790307607004756,18.0,7,0.0,0.3395882005991992,3140.9907168122295,3140.9907168122295,189,3.0473684210526315,4,0.4162348877374784,"82,241,33,4,78,89,52",False,False,0.30958820059919917
3,0.3790307607004756,18.0,7,0.1,0.3395882005991992,3140.9907168122295,3159.8907168122296,189,3.0473684210526315,4,0.4162348877374784,"82,241,33,4,78,89,52",False,False,0.30958820059919917
3,0.3790307607004756,18.0,7,0.25,0.3395882005991992,3140.9907168122295,3188.2407168122295,189,3.0473684210526315,4,0.4162348877374784,"82,241,33,4,78,89,52",False,False,0.30958820059919917
3,0.3790307607004756,18.0,7,0.5,0.3396313843060831,3141.5877597484046,3235.0877597484046,187,3.0797872340425534,4,0.4162348877374784,"83,241,33,4,77,89,52",False,False,0.30963138430608306
3,0.3790307607004756,18.0,7,1.0,0.3415848827488844,3151.4282755331815,3321.4282755331815,170,3.3859649122807016,4,0.4265975820379965,"82,247,33,4,78,84,51",False,False,0.31158488274888435
3,0.3790307607004756,18.0,7,2.0,0.3353065534504814,3185.023954163932,3475.023954163932,145,3.9657534246575343,4,0.4265975820379965,"80,247,32,4,82,82,52",False,False,0.30530655345048135
3,0.3790307607004756,18.0,7,4.0,0.35417779156963436,3345.281591420438,3709.281591420438,91,6.293478260869565,2,0.4283246977547496,"152,46,43,2,83,248,5",False,False,0.32417779156963433
3,0.3790307607004756,18.0,7,8.0,0.32798148953144174,3496.1458977719944,4008.1458977719944,64,8.907692307692308,4,0.4283246977547496,"44,7,153,41,248,82,4",False,False,0.2979814895314417
3,0.3790307607004756,18.0,7,16.0,0.3028971040938682,3773.789326700062,4413.789326700062,40,14.121951219512194,2,0.4473229706390328,"156,36,41,2,80,259,5",False,False,0.2728971040938682
3,0.3790307607004756,18.0,7,32.0,0.24571442547788322,4155.94292937258,4859.94292937258,22,25.17391304347826,2,0.4369602763385147,"156,43,44,2,76,253,5",False,False,0.21571442547788322
3,0.3790307607004756,18.0,7,64.0,0.20134760061030887,4649.894820509159,5289.894820509159,10,52.63636363636363,2,0.43350604490500866,"55,2,159,42,251,66,4",False,False,0.17134760061030888
3,0.3790307607004756,18.0,8,0.0,0.29778500531787566,2856.2744948743853,2856.2744948743853,236,2.4430379746835444,4,0.3333333333333333,"86,74,29,76,4,91,193,26",False,False,0.26778500531787564
3,0.3790307607004756,18.0,8,0.1,0.298944879384275,2856.684356853627,2879.684356853627,230,2.5064935064935066,4,0.3385146804835924,"83,74,29,76,4,91,196,26",False,False,0.26894487938427497
3,0.3790307607004756,18.0,8,0.25,0.298944879384275,2856.684356853627,2914.184356853627,230,2.5064935064935066,4,0.3385146804835924,"83,74,29,76,4,91,196,26",False,False,0.26894487938427497
3,0.3790307607004756,18.0,8,0.5,0.29950880384124917,2860.2483324748546,2969.7483324748546,219,2.631818181818182,4,0.3454231433506045,"81,72,29,74,4,93,200,26",False,False,0.26950880384124914
3,0.3790307607004756,18.0,8,1.0,0.2926927423418939,2867.962051921543,3067.962051921543,200,2.8805970149253732,4,0.3488773747841105,"80,71,27,75,4,91,202,29",False,False,0.2626927423418939
3,0.3790307607004756,18.0,8,2.0,0.3415288575096791,2938.9400749320093,3226.9400749320093,144,3.9931034482758623,2,0.4369602763385147,"104,70,2,56,50,39,253,5",False,False,0.31152885750967907
3,0.3790307607004756,18.0,8,4.0,0.3221406489005048,3047.9889470438357,3467.9889470438357,105,5.462264150943396,2,0.4265975820379965,"112,82,2,47,44,40,247,5",False,False,0.2921406489005048
3,0.3790307607004756,18.0,8,8.0,0.28779262189192284,3244.498069437218,3828.498069437218,73,7.824324324324325,2,0.43005181347150256,"105,82,2,53,44,39,249,5",False,False,0.2577926218919228
3,0.3790307607004756,18.0,8,16.0,0.25978266977720565,3531.072692896787,4299.072692896787,48,11.816326530612244,2,0.44041450777202074,"108,83,2,49,43,34,255,5",False,False,0.22978266977720566
3,0.3790307607004756,18.0,8,32.0,0.20334187260555947,4043.497657177303,4843.497657177303,25,22.26923076923077,2,0.4369602763385147,"145,76,2,11,43,44,253,5",False,False,0.17334187260555947
3,0.3790307607004756,18.0,8,64.0,0.15651305941947527,4531.430667598702,5171.430667598702,10,52.63636363636363,2,0.3385146804835924,"159,121,42,4,2,196,29,26",False,False,0.12651305941947527
5,0.5118327253123616,10.8,2,0.0,0.3170278534157743,12351.367797763787,12351.367797763787,3,144.75,205,0.6459412780656304,"205,374",False,False,0.3170278534157743
5,0.5118327253123616,10.8,2,0.1,0.3170278534157743,12351.367797763787,12351.667797763786,3,144.75,205,0.6459412780656304,"205,374",False,False,0.3170278534157743
5,0.5118327253123616,10.8,2,0.25,0.3170278534157743,12351.367797763787,12352.117797763787,3,144.75,205,0.6459412780656304,"205,374",False,False,0.3170278534157743
5,0.5118327253123616,10.8,2,0.5,0.3170278534157743,12351.367797763787,12352.867797763787,3,144.75,205,0.6459412780656304,"205,374",False,False,0.3170278534157743
5,0.5118327253123616,10.8,2,1.0,0.3170278534157743,12351.367797763787,12354.367797763787,3,144.75,205,0.6459412780656304,"205,374",False,False,0.3170278534157743
5,0.5118327253123616,10.8,2,2.0,0.3170278534157743,12351.367797763787,12357.367797763787,3,144.75,205,0.6459412780656304,"205,374",False,False,0.3170278534157743
5,0.5118327253123616,10.8,2,4.0,0.3170278534157743,12351.367797763787,12363.367797763787,3,144.75,205,0.6459412780656304,"205,374",False,False,0.3170278534157743
5,0.5118327253123616,10.8,2,8.0,0.3170278534157743,12351.367797763787,12375.367797763787,3,144.75,205,0.6459412780656304,"205,374",False,False,0.3170278534157743
5,0.5118327253123616,10.8,2,16.0,0.3170278534157743,12351.367797763787,12399.367797763787,3,144.75,205,0.6459412780656304,"205,374",False,False,0.3170278534157743
5,0.5118327253123616,10.8,2,32.0,0.3170278534157743,12351.367797763787,12447.367797763787,3,144.75,205,0.6459412780656304,"205,374",False,False,0.3170278534157743
5,0.5118327253123616,10.8,2,64.0,0.3170278534157743,12351.367797763787,12543.367797763787,3,144.75,205,0.6459412780656304,"205,374",False,False,0.3170278534157743
5,0.5118327253123616,10.8,3,0.0,0.32576415513574364,10382.501084235026,10382.501084235026,70,8.154929577464788,61,0.5682210708117443,"189,329,61",True,True,0.32576415513574364
5,0.5118327253123616,10.8,3,0.1,0.32576415513574364,10382.501084235026,10389.501084235026,70,8.154929577464788,61,0.5682210708117443,"189,329,61",True,True,0.32576415513574364
5,0.5118327253123616,10.8,3,0.25,0.3250293631318864,10382.659642202632,10399.909642202632,69,8.271428571428572,61,0.5664939550949913,"190,328,61",True,True,0.3250293631318864
5,0.5118327253123616,10.8,3,0.5,0.3250293631318864,10382.659642202632,10417.159642202632,69,8.271428571428572,61,0.5664939550949913,"190,328,61",True,True,0.3250293631318864
5,0.5118327253123616,10.8,3,1.0,0.3315109657924411,10416.635841889503,10437.635841889503,21,26.318181818181817,29,0.6044905008635578,"200,29,350",True,True,0.3315109657924411
5,0.5118327253123616,10.8,3,2.0,0.3315109657924411,10416.635841889503,10458.635841889503,21,26.318181818181817,29,0.6044905008635578,"200,29,350",True,True,0.3315109657924411
5,0.5118327253123616,10.8,3,4.0,0.3333552023772539,10405.564060005487,10425.564060005487,5,96.5,20,0.6200345423143351,"200,20,359",False,False,0.3333552023772539
5,0.5118327253123616,10.8,3,8.0,0.3325508859903385,10402.217542339065,10442.217542339065,5,96.5,17,0.6252158894645942,"200,362,17",False,False,0.3125508859903385
5,0.5118327253123616,10.8,3,16.0,0.333888436193347,10414.022543037325,10462.022543037325,3,144.75,19,0.6200345423143351,"201,359,19",False,False,0.313888436193347
5,0.5118327253123616,10.8,3,32.0,0.3215977627179611,10340.200632643584,10436.200632643584,3,144.75,6,0.6424870466321243,"372,6,201",False,False,0.30159776271796107
5,0.5118327253123616,10.8,3,64.0,0.3215977627179611,10340.200632643584,10532.200632643584,3,144.75,6,0.6424870466321243,"201,6,372",False,False,0.30159776271796107
5,0.5118327253123616,10.8,4,0.0,0.34191635952058386,8749.056753163186,8749.056753163186,55,10.339285714285714,12,0.5941278065630398,"173,344,12,50",False,False,0.32191635952058384
5,0.5118327253123616,10.8,4,0.1,0.3451986159600263,8660.464690962528,8661.164690962529,7,72.375,5,0.6252158894645942,"200,12,362,5",False,False,0.3251986159600263
5,0.5118327253123616,10.8,4,0.25,0.3444118609487818,8660.732600168529,8661.982600168529,5,96.5,5,0.6234887737478411,"201,12,361,5",False,False,0.32441186094878177
5,0.5118327253123616,10.8,4,0.5,0.3444118609487818,8660.732600168529,8663.232600168529,5,96.5,5,0.6234887737478411,"201,12,361,5",False,False,0.32441186094878177
5,0.5118327253123616,10.8,4,1.0,0.3444118609487818,8660.732600168529,8665.732600168529,5,96.5,5,0.6234887737478411,"201,12,361,5",False,False,0.32441186094878177
5,0.5118327253123616,10.8,4,2.0,0.3444118609487818,8660.732600168529,8670.732600168529,5,96.5,5,0.6234887737478411,"201,12,361,5",False,False,0.32441186094878177
5,0.5118327253123616,10.8,4,4.0,0.3444118609487818,8660.732600168529,8680.732600168529,5,96.5,5,0.6234887737478411,"201,12,361,5",False,False,0.32441186094878177
5,0.5118327253123616,10.8,4,8.0,0.3405864574401036,8868.7635184695,8964.7635184695,12,44.53846153846154,12,0.6269430051813472,"363,20,184,12",False,False,0.32058645744010356
5,0.5118327253123616,10.8,4,16.0,0.3405864574401036,8868.7635184695,9060.7635184695,12,44.53846153846154,12,0.6269430051813472,"184,20,363,12",False,False,0.32058645744010356
5,0.5118327253123616,10.8,4,32.0,0.34531343408614124,8669.07522724523,8829.07522724523,5,96.5,6,0.6217616580310881,"201,360,12,6",False,False,0.3253134340861412
5,0.5118327253123616,10.8,4,64.0,0.3455804658113122,8732.64064066762,8988.64064066762,4,115.8,7,0.6200345423143351,"359,7,201,12",False,False,0.32558046581131217
5,0.5118327253123616,10.8,5,0.0,0.3351744038339897,7400.121423360881,7400.121423360881,88,6.50561797752809,5,0.5371329879101899,"187,311,64,5,12",False,False,0.3151744038339897
5,0.5118327253123616,10.8,5,0.1,0.3351744038339897,7400.121423360881,7408.921423360881,88,6.50561797752809,5,0.5371329879101899,"187,311,64,5,12",False,False,0.3151744038339897
5,0.5118327253123616,10.8,5,0.25,0.3351744038339897,7400.121423360881,7422.121423360881,88,6.50561797752809,5,0.5371329879101899,"187,311,64,5,12",False,False,0.3151744038339897
5,0.5118327253123616,10.8,5,0.5,0.3372116187973922,7401.517566415076,7443.017566415076,83,6.892857142857143,5,0.538860103626943,"188,312,62,5,12",False,False,0.3172116187973922
5,0.5118327253123616,10.8,5,1.0,0.3360051164572186,7402.878040967731,7483.878040967731,81,7.060975609756097,5,0.5371329879101899,"188,311,63,5,12",False,False,0.31600511645721857
5,0.5118327253123616,10.8,5,2.0,0.33443529882697015,7409.519325363853,7559.519325363853,75,7.618421052631579,5,0.533678756476684,"189,309,64,5,12",False,False,0.31443529882697013
5,0.5118327253123616,10.8,5,4.0,0.33414688000017295,7424.984825010044,7700.984825010044,69,8.271428571428572,5,0.5354058721934369,"189,310,63,5,12",False,False,0.31414688000017293
5,0.5118327253123616,10.8,5,8.0,0.3286190653479286,7546.17154406024,7906.17154406024,45,12.58695652173913,5,0.5492227979274611,"193,318,51,5,12",False,False,0.3086190653479286
5,0.5118327253123616,10.8,5,16.0,0.3395443336748064,7680.759580356319,7904.759580356319,14,38.6,6,0.6183074265975821,"358,6,160,12,43",False,False,0.3195443336748064
5,0.5118327253123616,10.8,5,32.0,0.33845272731254566,7765.314556936961,8085.314556936961,10,52.63636363636363,6,0.6252158894645942,"362,6,162,12,37",False,False,0.31845272731254565
5,0.5118327253123616,10.8,5,64.0,0.326330447418156,7969.269274832332,8289.269274832332,5,96.5,6,0.6234887737478411,"13,40,361,6,159",False,False,0.30633044741815596
5,0.5118327253123616,10.8,6,0.0,0.33436857945036963,6338.659020579134,6338.659020579134,114,5.034782608695652,5,0.5302245250431779,"135,307,61,5,12,59",False,False,0.3143685794503696
5,0.5118327253123616,10.8,6,0.1,0.33436857945036963,6338.659020579134,6350.059020579134,114,5.034782608695652,5,0.5302245250431779,"135,307,61,5,12,59",False,False,0.3143685794503696
5,0.5118327253123616,10.8,6,0.25,0.3354428744667886,6338.718655597551,6366.718655597551,112,5.123893805309734,5,0.531951640759931,"135,308,60,5,12,59",False,False,0.3154428744667886
5,0.5118327253123616,10.8,6,0.5,0.3354428744667886,6338.718655597551,6394.718655597551,112,5.123893805309734,5,0.531951640759931,"135,308,60,5,12,59",False,False,0.3154428744667886
5,0.5118327253123616,10.8,6,1.0,0.33718913456823063,6344.099237476625,6448.099237476625,104,5.514285714285714,5,0.5354058721934369,"135,310,58,5,12,59",False,False,0.3171891345682306
5,0.5118327253123616,10.8,6,2.0,0.335130766022012,6365.997583060516,6543.997583060516,89,6.433333333333334,5,0.5302245250431779,"139,307,59,5,12,57",False,False,0.315130766022012
5,0.5118327253123616,10.8,6,4.0,0.33061303110427886,6416.614064385691,6708.614064385691,73,7.824324324324325,5,0.5354058721934369,"62,310,12,5,136,54",False,False,0.31061303110427885
5,0.5118327253123616,10.8,6,8.0,0.32794035221207674,6477.728930272617,6973.728930272617,62,9.19047619047619,5,0.540587219343696,"63,313,12,5,137,49",False,False,0.3079403522120767
5,0.5118327253123616,10.8,6,16.0,0.3275668421875707,6690.797400981035,7314.797400981035,39,14.475,4,0.5561312607944733,"149,322,43,4,12,49",False,False,0.3075668421875707
5,0.5118327253123616,10.8,6,32.0,0.2277777290282085,7234.35381156676,7714.35381156676,15,36.1875,6,0.5025906735751295,"291,6,162,12,39,69",False,False,0.2077777290282085
5,0.5118327253123616,10.8,6,64.0,0.2504495626719889,7522.894817224008,7906.894817224008,6,82.71428571428571,6,0.5647668393782384,"32,42,13,6,159,327",False,False,0.23044956267198893
5,0.5118327253123616,10.8,7,0.0,0.27963736090818603,5579.805496006738,5579.805496006738,187,3.0797872340425534,4,0.38341968911917096,"136,103,222,4,12,51,51",False,False,0.259637360908186
5,0.5118327253123616,10.8,7,0.1,0.27963736090818603,5579.805496006738,5598.505496006738,187,3.0797872340425534,4,0.38341968911917096,"136,103,222,4,12,51,51",False,False,0.259637360908186
5,0.5118327253123616,10.8,7,0.25,0.28836293306124244,5580.42916177358,5622.17916177358,167,3.4464285714285716,4,0.4058721934369603,"137,90,235,4,12,50,51",False,False,0.2683629330612424
5,0.5118327253123616,10.8,7,0.5,0.289880082144161,5580.554271353296,5662.554271353296,164,3.5090909090909093,4,0.4075993091537133,"139,89,236,4,12,48,51",False,False,0.269880082144161
5,0.5118327253123616,10.8,7,1.0,0.28817963110805006,5587.590236475246,5744.590236475246,157,3.6645569620253164,4,0.4075993091537133,"136,88,236,4,12,51,52",False,False,0.26817963110805004
5,0.5118327253123616,10.8,7,2.0,0.2862740299882609,5617.44942805738,5885.44942805738,134,4.288888888888889,4,0.41450777202072536,"52,240,86,48,137,12,4",False,False,0.2662740299882609
5,0.5118327253123616,10.8,7,4.0,0.2855409543796038,5688.392351752133,6116.392351752133,107,5.361111111111111,4,0.42487046632124353,"246,44,137,12,54,82,4",False,False,0.2655409543796038
5,0.5118327253123616,10.8,7,8.0,0.26624642131726967,5883.2912019612,6435.2912019612,69,8.271428571428572,4,0.4214162348877375,"244,42,138,12,56,83,4",False,False,0.24624642131726968
5,0.5118327253123616,10.8,7,16.0,0.23250195052802222,6180.609103433514,6836.609103433514,41,13.785714285714286,4,0.4058721934369603,"235,35,147,12,47,99,4",False,False,0.21250195052802223
5,0.5118327253123616,10.8,7,32.0,0.21663551082754098,6538.61814554901,7306.61814554901,24,23.16,4,0.41278065630397237,"36,97,12,4,239,29,162",False,False,0.196635510827541
5,0.5118327253123616,10.8,7,64.0,0.2539128852047993,7067.331900261217,7643.331900261217,9,57.9,3,0.5647668393782384,"42,32,13,4,327,3,158",False,False,0.23391288520479933
5,0.5118327253123616,10.8,8,0.0,0.2565058994585526,5265.130055436615,5265.130055436615,196,2.9390862944162435,4,0.33678756476683935,"68,45,131,56,68,4,12,195",False,False,0.23650589945855263
5,0.5118327253123616,10.8,8,0.1,0.2565058994585526,5265.130055436615,5284.730055436616,196,2.9390862944162435,4,0.33678756476683935,"68,45,131,56,68,4,12,195",False,False,0.23650589945855263
5,0.5118327253123616,10.8,8,0.25,0.2594753557569697,5263.10353021788,5310.35353021788,189,3.0473684210526315,4,0.34196891191709844,"68,45,135,52,65,4,12,198",False,False,0.23947535575696968
5,0.5118327253123616,10.8,8,0.5,0.26066636193816284,5265.0358349560975,5357.0358349560975,184,3.1297297297297297,4,0.3454231433506045,"66,45,134,53,65,4,12,200",False,False,0.24066636193816285
5,0.5118327253123616,10.8,8,1.0,0.249383103792632,5251.52634499252,5424.52634499252,173,3.3275862068965516,4,0.32642487046632124,"189,46,30,141,82,12,4,75",False,False,0.22938310379263202
5,0.5118327253123616,10.8,8,2.0,0.2619581523313245,5283.027833708796,5567.027833708796,142,4.048951048951049,4,0.3644214162348877,"211,50,29,138,59,12,4,76",False,False,0.24195815233132453
5,0.5118327253123616,10.8,8,4.0,0.26485499048478905,5352.395575687735,5800.395575687735,112,5.123893805309734,4,0.38341968911917096,"222,53,22,137,52,12,4,77",False,False,0.24485499048478906
5,0.5118327253123616,10.8,8,8.0,0.22857611520490745,5547.1117009747395,6187.1117009747395,80,7.148148148148148,4,0.3454231433506045,"31,55,4,62,200,136,79,12",False,False,0.20857611520490746
5,0.5118327253123616,10.8,8,16.0,0.1938805446334282,5911.835953832932,6663.835953832932,47,12.0625,4,0.35060449050086356,"203,47,28,147,63,12,4,75",False,False,0.1738805446334282
5,0.5118327253123616,10.8,8,32.0,0.1591756514214517,6541.378769174455,7117.378769174455,18,30.473684210526315,3,0.3005181347150259,"3,36,4,134,174,162,54,12",False,False,0.13917565142145172
5,0.5118327253123616,10.8,8,64.0,0.1269747306543787,6981.101711138592,7557.101711138592,9,57.9,2,0.30915371329879104,"2,40,4,179,150,159,32,13",False,False,0.1069747306543787
8,0.6368888090553393,6.75,2,0.0,0.25388220488121854,16253.20456042884,16253.20456042884,5,96.5,204,0.6476683937823834,"204,375",False,False,0.25388220488121854
8,0.6368888090553393,6.75,2,0.1,0.25311536890914343,16253.260699405164,16253.560699405163,3,144.75,205,0.6459412780656304,"205,374",False,False,0.25311536890914343
8,0.6368888090553393,6.75,2,0.25,0.25311536890914343,16253.260699405164,16254.010699405164,3,144.75,205,0.6459412780656304,"205,374",False,False,0.25311536890914343
8,0.6368888090553393,6.75,2,0.5,0.25311536890914343,16253.260699405164,16254.760699405164,3,144.75,205,0.6459412780656304,"205,374",False,False,0.25311536890914343
8,0.6368888090553393,6.75,2,1.0,0.25311536890914343,16253.260699405164,16256.260699405164,3,144.75,205,0.6459412780656304,"205,374",False,False,0.25311536890914343
8,0.6368888090553393,6.75,2,2.0,0.25311536890914343,16253.260699405164,16259.260699405164,3,144.75,205,0.6459412780656304,"205,374",False,False,0.25311536890914343
8,0.6368888090553393,6.75,2,4.0,0.25311536890914343,16253.260699405164,16265.260699405164,3,144.75,205,0.6459412780656304,"205,374",False,False,0.25311536890914343
8,0.6368888090553393,6.75,2,8.0,0.25311536890914343,16253.260699405164,16277.260699405164,3,144.75,205,0.6459412780656304,"205,374",False,False,0.25311536890914343
8,0.6368888090553393,6.75,2,16.0,0.25311536890914343,16253.260699405164,16301.260699405164,3,144.75,205,0.6459412780656304,"205,374",False,False,0.25311536890914343
8,0.6368888090553393,6.75,2,32.0,0.25311536890914343,16253.260699405164,16349.260699405164,3,144.75,205,0.6459412780656304,"205,374",False,False,0.25311536890914343
8,0.6368888090553393,6.75,2,64.0,0.25311536890914343,16253.260699405164,16445.260699405164,3,144.75,205,0.6459412780656304,"205,374",False,False,0.25311536890914343
8,0.6368888090553393,6.75,3,0.0,0.26361604593537574,14267.01131994386,14267.01131994386,9,57.9,21,0.6200345423143351,"359,199,21",False,False,0.26361604593537574
8,0.6368888090553393,6.75,3,0.1,0.26361604593537574,14267.01131994386,14267.91131994386,9,57.9,21,0.6200345423143351,"359,199,21",False,False,0.26361604593537574
8,0.6368888090553393,6.75,3,0.25,0.26361604593537574,14267.01131994386,14269.26131994386,9,57.9,21,0.6200345423143351,"359,199,21",False,False,0.26361604593537574
8,0.6368888090553393,6.75,3,0.5,0.2628856921612956,14267.468167793639,14270.968167793639,7,72.375,21,0.6183074265975821,"358,200,21",False,False,0.2628856921612956
8,0.6368888090553393,6.75,3,1.0,0.2631605797020963,14265.28526624788,14270.28526624788,5,96.5,20,0.6200345423143351,"359,200,20",False,False,0.2631605797020963
8,0.6368888090553393,6.75,3,2.0,0.2631605797020963,14265.28526624788,14275.28526624788,5,96.5,20,0.6200345423143351,"359,200,20",False,False,0.2631605797020963
8,0.6368888090553393,6.75,3,4.0,0.2631605797020963,14265.28526624788,14285.28526624788,5,96.5,20,0.6200345423143351,"359,200,20",False,False,0.2631605797020963
8,0.6368888090553393,6.75,3,8.0,0.26498902315732237,14267.469135480615,14291.469135480615,3,144.75,19,0.6234887737478411,"199,361,19",False,False,0.24498902315732238
8,0.6368888090553393,6.75,3,16.0,0.26498902315732237,14267.469135480615,14315.469135480615,3,144.75,19,0.6234887737478411,"199,361,19",False,False,0.24498902315732238
8,0.6368888090553393,6.75,3,32.0,0.26476323917606626,14263.87449256449,14359.87449256449,3,144.75,16,0.6286701208981001,"199,16,364",False,False,0.24476323917606627
8,0.6368888090553393,6.75,3,64.0,0.2550657814154132,14207.357965351915,14399.357965351915,3,144.75,6,0.6424870466321243,"201,6,372",False,False,0.2350657814154132
8,0.6368888090553393,6.75,4,0.0,0.2691635950530234,12500.789756625938,12500.789756625938,51,11.134615384615385,12,0.5975820379965457,"346,173,12,48",False,False,0.2491635950530234
8,0.6368888090553393,6.75,4,0.1,0.2691635950530234,12500.789756625938,12505.889756625938,51,11.134615384615385,12,0.5975820379965457,"346,173,12,48",False,False,0.2491635950530234
8,0.6368888090553393,6.75,4,0.25,0.2691635950530234,12500.789756625938,12513.539756625938,51,11.134615384615385,12,0.5975820379965457,"346,173,12,48",False,False,0.2491635950530234
8,0.6368888090553393,6.75,4,0.5,0.2691635950530234,12500.789756625938,12526.289756625938,51,11.134615384615385,12,0.5975820379965457,"346,173,12,48",False,False,0.2491635950530234
8,0.6368888090553393,6.75,4,1.0,0.2691635950530234,12500.789756625938,12551.789756625938,51,11.134615384615385,12,0.5975820379965457,"346,173,12,48",False,False,0.2491635950530234
8,0.6368888090553393,6.75,4,2.0,0.2691635950530234,12500.789756625938,12602.789756625938,51,11.134615384615385,12,0.5975820379965457,"346,173,12,48",False,False,0.2491635950530234
8,0.6368888090553393,6.75,4,4.0,0.26986169873415483,12524.618606517837,12688.618606517837,41,13.785714285714286,12,0.6044905008635578,"350,172,12,45",False,False,0.24986169873415484
8,0.6368888090553393,6.75,4,8.0,0.269207614960391,12638.842145989984,12758.842145989984,15,36.1875,12,0.6286701208981001,"178,12,364,25",False,False,0.24920761496039098
8,0.6368888090553393,6.75,4,16.0,0.26018599287157324,12764.109004985134,12828.109004985134,4,115.8,5,0.5682210708117443,"201,44,329,5",False,False,0.24018599287157325
8,0.6368888090553393,6.75,4,32.0,0.26018599287157324,12764.109004985134,12892.109004985134,4,115.8,5,0.5682210708117443,"201,44,329,5",False,False,0.24018599287157325
8,0.6368888090553393,6.75,4,64.0,0.26018599287157324,12764.109004985134,13020.109004985134,4,115.8,5,0.5682210708117443,"201,44,329,5",False,False,0.24018599287157325
8,0.6368888090553393,6.75,5,0.0,0.25836134754951984,11158.075620124328,11158.075620124328,87,6.579545454545454,5,0.538860103626943,"186,312,64,5,12",False,False,0.23836134754951985
8,0.6368888090553393,6.75,5,0.1,0.25836134754951984,11158.075620124328,11166.775620124328,87,6.579545454545454,5,0.538860103626943,"186,312,64,5,12",False,False,0.23836134754951985
8,0.6368888090553393,6.75,5,0.25,0.25980635032133853,11158.107926823597,11179.357926823597,85,6.732558139534884,5,0.540587219343696,"186,313,63,5,12",False,False,0.23980635032133854
8,0.6368888090553393,6.75,5,0.5,0.25980635032133853,11158.107926823597,11200.607926823597,85,6.732558139534884,5,0.540587219343696,"186,313,63,5,12",False,False,0.23980635032133854
8,0.6368888090553393,6.75,5,1.0,0.26464552635398714,11183.274428356346,11230.274428356346,47,12.0625,5,0.6027633851468048,"349,12,144,69,5",False,False,0.24464552635398715
8,0.6368888090553393,6.75,5,2.0,0.2652119325778383,11194.565546814247,11268.565546814247,37,15.236842105263158,5,0.6079447322970639,"352,12,146,64,5",False,False,0.24521193257783833
8,0.6368888090553393,6.75,5,4.0,0.26342006105346477,11218.333574599594,11334.333574599594,29,19.3,5,0.613126079447323,"355,12,143,64,5",False,False,0.24342006105346478
8,0.6368888090553393,6.75,5,8.0,0.2620139934168759,11233.356464540597,11441.356464540597,26,21.444444444444443,5,0.613126079447323,"355,12,142,65,5",False,False,0.24201399341687593
8,0.6368888090553393,6.75,5,16.0,0.2703326703825366,11327.578415892203,11551.578415892203,14,38.6,5,0.6200345423143351,"359,12,160,43,5",False,False,0.2503326703825366
8,0.6368888090553393,6.75,5,32.0,0.2696905273175236,11402.33726081057,11722.33726081057,10,52.63636363636363,5,0.6234887737478411,"361,12,162,39,5",False,False,0.2496905273175236
8,0.6368888090553393,6.75,5,64.0,0.26237330030255257,11608.850959495578,11928.850959495578,5,96.5,5,0.6217616580310881,"42,360,13,5,159",False,False,0.24237330030255258
8,0.6368888090553393,6.75,6,0.0,0.2625404319517576,10000.194827591382,10000.194827591382,102,5.621359223300971,4,0.5371329879101899,"56,135,12,61,311,4",False,False,0.2425404319517576
8,0.6368888090553393,6.75,6,0.1,0.2625404319517576,10000.194827591382,10010.394827591383,102,5.621359223300971,4,0.5371329879101899,"56,135,12,61,311,4",False,False,0.2425404319517576
8,0.6368888090553393,6.75,6,0.25,0.2625404319517576,10000.194827591382,10025.694827591382,102,5.621359223300971,4,0.5371329879101899,"56,135,12,61,311,4",False,False,0.2425404319517576
8,0.6368888090553393,6.75,6,0.5,0.2625404319517576,10000.194827591382,10051.194827591382,102,5.621359223300971,4,0.5371329879101899,"56,135,12,61,311,4",False,False,0.2425404319517576
8,0.6368888090553393,6.75,6,1.0,0.2627014710851376,10002.42225040124,10098.42225040124,96,5.969072164948454,4,0.5371329879101899,"56,136,12,60,311,4",False,False,0.2427014710851376
8,0.6368888090553393,6.75,6,2.0,0.2618843723658257,10023.907025147048,10181.907025147048,79,7.2375,4,0.5354058721934369,"55,139,12,59,310,4",False,False,0.2418843723658257
8,0.6368888090553393,6.75,6,4.0,0.2616182877905752,10053.135083381458,10333.135083381458,70,8.154929577464788,4,0.538860103626943,"53,138,12,60,312,4",False,False,0.24161828779057523
8,0.6368888090553393,6.75,6,8.0,0.26007230445855706,10091.595198530636,10579.595198530636,61,9.338709677419354,4,0.542314335060449,"50,139,12,60,314,4",False,False,0.24007230445855707
8,0.6368888090553393,6.75,6,16.0,0.2189867679553352,10545.080419501039,10737.080419501039,12,44.53846153846154,5,0.5025906735751295,"291,72,160,39,5,12",False,False,0.1989867679553352
8,0.6368888090553393,6.75,6,32.0,0.21782145874252126,10583.153914719995,10903.153914719995,10,52.63636363636363,5,0.5025906735751295,"291,72,162,37,5,12",False,False,0.19782145874252127
8,0.6368888090553393,6.75,6,64.0,0.209170475266723,10735.03588255656,11119.03588255656,6,82.71428571428571,6,0.5008635578583766,"290,159,12,40,72,6",False,False,0.189170475266723
8,0.6368888090553393,6.75,7,0.0,0.21675309499605275,9219.311246554942,9219.311246554942,170,3.3859649122807016,4,0.40932642487046633,"237,134,12,47,91,4,54",False,False,0.19675309499605276
8,0.6368888090553393,6.75,7,0.1,0.21689607573005953,9218.79317901501,9235.39317901501,166,3.467065868263473,4,0.40932642487046633,"237,134,12,47,91,4,54",False,False,0.19689607573005954
8,0.6368888090553393,6.75,7,0.25,0.21689607573005953,9218.79317901501,9260.29317901501,166,3.467065868263473,4,0.40932642487046633,"237,134,12,47,91,4,54",False,False,0.19689607573005954
8,0.6368888090553393,6.75,7,0.5,0.21493511507016716,9221.261522056462,9299.261522056462,156,3.6878980891719744,4,0.40241796200345425,"233,135,12,48,94,4,53",False,False,0.19493511507016717
8,0.6368888090553393,6.75,7,1.0,0.21632332120107034,9223.969133525658,9369.969133525658,146,3.938775510204082,4,0.40414507772020725,"234,138,12,46,94,4,51",False,False,0.19632332120107035
8,0.6368888090553393,6.75,7,2.0,0.21656170508934647,9259.907753252855,9491.907753252855,116,4.948717948717949,4,0.40932642487046633,"237,138,12,48,89,4,51",False,False,0.19656170508934648
8,0.6368888090553393,6.75,7,4.0,0.2241071700490487,9362.001671511134,9642.001671511134,70,8.154929577464788,5,0.4283246977547496,"139,68,248,56,12,5,51",False,False,0.20410717004904871
8,0.6368888090553393,6.75,7,8.0,0.22348837500154514,9386.032964999753,9842.032964999753,57,9.982758620689655,4,0.4317789291882556,"250,140,12,49,69,4,55",False,False,0.20348837500154515
8,0.6368888090553393,6.75,7,16.0,0.21959448823070873,9693.674804030577,10141.674804030577,28,19.96551724137931,4,0.44041450777202074,"255,71,155,43,4,12,39",False,False,0.19959448823070874
8,0.6368888090553393,6.75,7,32.0,0.21634031590163932,9837.47863015653,10541.47863015653,22,25.17391304347826,4,0.4525043177892919,"262,162,12,32,71,4,36",False,False,0.19634031590163933
8,0.6368888090553393,6.75,7,64.0,0.2147418708573069,10442.49956661995,10890.49956661995,7,72.375,2,0.5008635578583766,"290,159,4,33,79,2,12",False,False,0.1947418708573069
8,0.6368888090553393,6.75,8,0.0,0.18496433182209296,8775.236267168017,8775.236267168017,192,3.0,5,0.30397236614853196,"86,132,67,176,5,55,46,12",False,False,0.16496433182209297
8,0.6368888090553393,6.75,8,0.1,0.18496433182209296,8775.236267168017,8794.436267168017,192,3.0,5,0.30397236614853196,"86,132,67,176,5,55,46,12",False,False,0.16496433182209297
8,0.6368888090553393,6.75,8,0.25,0.18496433182209296,8775.236267168017,8823.236267168017,192,3.0,5,0.30397236614853196,"86,132,67,176,5,55,46,12",False,False,0.16496433182209297
8,0.6368888090553393,6.75,8,0.5,0.18453269587830465,8776.228725457666,8868.728725457666,185,3.1129032258064515,5,0.30569948186528495,"85,133,67,177,5,54,46,12",False,False,0.16453269587830466
8,0.6368888090553393,6.75,8,1.0,0.21918119050247759,8767.179372228222,8910.179372228222,143,4.020833333333333,4,0.37305699481865284,"66,47,139,4,216,46,12,49",False,False,0.1991811905024776
8,0.6368888090553393,6.75,8,2.0,0.2182844394532654,8801.377801148483,9051.377801148483,125,4.595238095238095,4,0.3696027633851468,"66,44,139,4,214,50,12,50",False,False,0.1982844394532654
8,0.6368888090553393,6.75,8,4.0,0.21829119870394226,8850.508629946913,9274.508629946913,106,5.411214953271028,4,0.38169257340241797,"65,36,140,4,221,51,12,50",False,False,0.19829119870394227
8,0.6368888090553393,6.75,8,8.0,0.22437713355867817,9107.823555681205,9571.823555681205,58,9.813559322033898,2,0.4317789291882556,"140,250,12,2,55,69,49,2",False,False,0.20437713355867818
8,0.6368888090553393,6.75,8,16.0,0.1922592841975809,9286.845879881012,9846.845879881012,35,16.083333333333332,4,0.3747841105354059,"45,69,217,4,73,9,12,150",False,False,0.1722592841975809
8,0.6368888090553393,6.75,8,32.0,0.18067709852411867,9494.707029110205,10262.707029110205,24,23.16,5,0.4386873920552677,"67,254,71,36,12,5,38,96",False,False,0.16067709852411868
8,0.6368888090553393,6.75,8,64.0,0.20756390627186877,10139.237484376474,10587.237484376474,7,72.375,2,0.5008635578583766,"159,290,12,3,40,71,2,2",False,False,0.18756390627186878
12,0.739557821769654,4.5,2,0.0,0.2230319266283881,19452.149958350612,19452.149958350612,5,96.5,204,0.6476683937823834,"375,204",False,False,0.2230319266283881
12,0.739557821769654,4.5,2,0.1,0.2230319266283881,19452.149958350612,19452.649958350612,5,96.5,204,0.6476683937823834,"375,204",False,False,0.2230319266283881
12,0.739557821769654,4.5,2,0.25,0.2230319266283881,19452.149958350612,19453.399958350612,5,96.5,204,0.6476683937823834,"375,204",False,False,0.2230319266283881
12,0.739557821769654,4.5,2,0.5,0.22223167987296302,19452.89316363482,19454.39316363482,3,144.75,205,0.6459412780656304,"374,205",False,False,0.22223167987296302
12,0.739557821769654,4.5,2,1.0,0.22223167987296302,19452.89316363482,19455.89316363482,3,144.75,205,0.6459412780656304,"374,205",False,False,0.22223167987296302
12,0.739557821769654,4.5,2,2.0,0.22223167987296302,19452.89316363482,19458.89316363482,3,144.75,205,0.6459412780656304,"374,205",False,False,0.22223167987296302
12,0.739557821769654,4.5,2,4.0,0.22223167987296302,19452.89316363482,19464.89316363482,3,144.75,205,0.6459412780656304,"374,205",False,False,0.22223167987296302
12,0.739557821769654,4.5,2,8.0,0.22223167987296302,19452.89316363482,19476.89316363482,3,144.75,205,0.6459412780656304,"374,205",False,False,0.22223167987296302
12,0.739557821769654,4.5,2,16.0,0.22223167987296302,19452.89316363482,19500.89316363482,3,144.75,205,0.6459412780656304,"374,205",False,False,0.22223167987296302
12,0.739557821769654,4.5,2,32.0,0.22223167987296302,19452.89316363482,19548.89316363482,3,144.75,205,0.6459412780656304,"374,205",False,False,0.22223167987296302
12,0.739557821769654,4.5,2,64.0,0.22223167987296302,19452.89316363482,19644.89316363482,3,144.75,205,0.6459412780656304,"374,205",False,False,0.22223167987296302
12,0.739557821769654,4.5,3,0.0,0.2136323413081931,17451.328346784572,17451.328346784572,52,10.924528301886792,50,0.614853195164076,"173,356,50",True,True,0.2136323413081931
12,0.739557821769654,4.5,3,0.1,0.2136323413081931,17451.328346784572,17456.528346784573,52,10.924528301886792,50,0.614853195164076,"173,356,50",True,True,0.2136323413081931
12,0.739557821769654,4.5,3,0.25,0.2136323413081931,17451.328346784572,17464.328346784572,52,10.924528301886792,50,0.614853195164076,"173,356,50",True,True,0.2136323413081931
12,0.739557821769654,4.5,3,0.5,0.2136323413081931,17451.328346784572,17477.328346784572,52,10.924528301886792,50,0.614853195164076,"173,356,50",True,True,0.2136323413081931
12,0.739557821769654,4.5,3,1.0,0.2136323413081931,17451.328346784572,17503.328346784572,52,10.924528301886792,50,0.614853195164076,"173,356,50",True,True,0.2136323413081931
12,0.739557821769654,4.5,3,2.0,0.2136323413081931,17451.328346784572,17555.328346784572,52,10.924528301886792,50,0.614853195164076,"173,356,50",True,True,0.2136323413081931
12,0.739557821769654,4.5,3,4.0,0.21447933068875633,17481.635536118447,17641.635536118447,40,14.121951219512194,46,0.6234887737478411,"172,361,46",True,True,0.21447933068875633
12,0.739557821769654,4.5,3,8.0,0.22976542350585683,17455.942411792104,17495.942411792104,5,96.5,20,0.6234887737478411,"361,198,20",False,False,0.22976542350585683
12,0.739557821769654,4.5,3,16.0,0.23063555996838195,17460.603058942746,17508.603058942746,3,144.75,19,0.6234887737478411,"361,199,19",False,False,0.21063555996838196
12,0.739557821769654,4.5,3,32.0,0.23063555996838195,17460.603058942746,17556.603058942746,3,144.75,19,0.6234887737478411,"361,199,19",False,False,0.21063555996838196
12,0.739557821769654,4.5,3,64.0,0.22324152395887367,17384.976713238593,17576.976713238593,3,144.75,6,0.6459412780656304,"199,6,374",False,False,0.20324152395887368
12,0.739557821769654,4.5,4,0.0,0.23224562610527943,15637.375251498865,15637.375251498865,53,10.722222222222221,12,0.5958549222797928,"173,345,49,12",False,False,0.21224562610527944
12,0.739557821769654,4.5,4,0.1,0.23224562610527943,15637.375251498865,15642.675251498864,53,10.722222222222221,12,0.5958549222797928,"173,345,49,12",False,False,0.21224562610527944
12,0.739557821769654,4.5,4,0.25,0.23224562610527943,15637.375251498865,15650.625251498865,53,10.722222222222221,12,0.5958549222797928,"173,345,49,12",False,False,0.21224562610527944
12,0.739557821769654,4.5,4,0.5,0.23224562610527943,15637.375251498865,15663.875251498865,53,10.722222222222221,12,0.5958549222797928,"173,345,49,12",False,False,0.21224562610527944
12,0.739557821769654,4.5,4,1.0,0.23224562610527943,15637.375251498865,15690.375251498865,53,10.722222222222221,12,0.5958549222797928,"173,345,49,12",False,False,0.21224562610527944
12,0.739557821769654,4.5,4,2.0,0.23242096338322343,15640.24500704438,15742.24500704438,51,11.134615384615385,12,0.5975820379965457,"173,346,48,12",False,False,0.21242096338322344
12,0.739557821769654,4.5,4,4.0,0.233262041924262,15666.06166288451,15830.06166288451,41,13.785714285714286,12,0.6044905008635578,"172,350,45,12",False,False,0.213262041924262
12,0.739557821769654,4.5,4,8.0,0.23312117844454727,15745.72722748074,15897.72722748074,19,28.95,12,0.613126079447323,"167,355,12,45",False,False,0.21312117844454728
12,0.739557821769654,4.5,4,16.0,0.240594139951774,15566.487505039338,15646.487505039338,5,96.5,6,0.6252158894645942,"199,6,362,12",False,False,0.22059413995177402
12,0.739557821769654,4.5,4,32.0,0.24096548240536098,15634.574771986878,15762.574771986878,4,115.8,7,0.6234887737478411,"199,7,361,12",False,False,0.22096548240536099
12,0.739557821769654,4.5,4,64.0,0.24096548240536098,15634.574771986878,15890.574771986878,4,115.8,7,0.6234887737478411,"199,7,361,12",False,False,0.22096548240536099
12,0.739557821769654,4.5,5,0.0,0.2321871549906132,14263.901131171337,14263.901131171337,48,11.816326530612244,5,0.6027633851468048,"148,349,65,12,5",False,False,0.21218715499061322
12,0.739557821769654,4.5,5,0.1,0.2321871549906132,14263.901131171337,14268.701131171336,48,11.816326530612244,5,0.6027633851468048,"148,349,65,12,5",False,False,0.21218715499061322
12,0.739557821769654,4.5,5,0.25,0.2321871549906132,14263.901131171337,14275.901131171337,48,11.816326530612244,5,0.6027633851468048,"148,349,65,12,5",False,False,0.21218715499061322
12,0.739557821769654,4.5,5,0.5,0.2321871549906132,14263.901131171337,14287.901131171337,48,11.816326530612244,5,0.6027633851468048,"148,349,65,12,5",False,False,0.21218715499061322
12,0.739557821769654,4.5,5,1.0,0.2360831885786169,14260.573984490513,14295.573984490513,35,16.083333333333332,5,0.6062176165803109,"155,351,56,12,5",False,False,0.2160831885786169
12,0.739557821769654,4.5,5,2.0,0.2367752974121822,14266.199550233947,14328.199550233947,31,18.09375,5,0.6062176165803109,"157,351,54,12,5",False,False,0.2167752974121822
12,0.739557821769654,4.5,5,4.0,0.2363282830243557,14285.950946283629,14377.950946283629,23,24.125,5,0.613126079447323,"155,355,52,12,5",False,False,0.21632828302435572
12,0.739557821769654,4.5,5,8.0,0.2381026009826633,14303.17128228988,14455.17128228988,19,28.95,5,0.613126079447323,"159,355,48,12,5",False,False,0.21810260098266332
12,0.739557821769654,4.5,5,16.0,0.23480813237978038,14414.55199274651,14542.55199274651,8,64.33333333333333,5,0.616580310880829,"157,357,48,12,5",False,False,0.2148081323797804
12,0.739557821769654,4.5,5,32.0,0.235144896619811,14413.710681416835,14669.710681416835,8,64.33333333333333,5,0.6234887737478411,"12,361,157,44,5",False,False,0.215144896619811
12,0.739557821769654,4.5,5,64.0,0.23679923501535102,14478.035080948113,14862.035080948113,6,82.71428571428571,5,0.616580310880829,"159,357,46,12,5",False,False,0.21679923501535103
12,0.739557821769654,4.5,6,0.0,0.14667178638641692,13229.08427037141,13229.08427037141,158,3.641509433962264,5,0.3626943005181347,"147,150,55,210,12,5",False,False,0.12667178638641693
12,0.739557821769654,4.5,6,0.1,0.14726548127683137,13228.66991472747,13243.66991472747,150,3.834437086092715,5,0.3696027633851468,"143,150,55,214,12,5",False,False,0.12726548127683138
12,0.739557821769654,4.5,6,0.25,0.21909251194523222,13099.561696283832,13124.311696283832,99,5.79,5,0.5233160621761658,"140,66,303,12,5,53",False,False,0.19909251194523223
12,0.739557821769654,4.5,6,0.5,0.22207066428120162,13100.823346269595,13145.823346269595,90,6.362637362637362,5,0.5215889464594128,"67,148,45,302,12,5",False,False,0.20207066428120163
12,0.739557821769654,4.5,6,1.0,0.22230069616803605,13110.43353044775,13193.43353044775,83,6.892857142857143,5,0.5233160621761658,"63,148,48,303,12,5",False,False,0.20230069616803606
12,0.739557821769654,4.5,6,2.0,0.22422916591100814,13122.041510913896,13268.041510913896,73,7.824324324324325,5,0.5302245250431779,"149,58,307,12,5,48",False,False,0.20422916591100815
12,0.739557821769654,4.5,6,4.0,0.22530237888118027,13146.081089593832,13406.081089593832,65,8.772727272727273,5,0.533678756476684,"151,56,309,12,5,46",False,False,0.20530237888118028
12,0.739557821769654,4.5,6,8.0,0.16907345799906562,13358.718648957503,13702.718648957503,43,13.159090909090908,5,0.4697754749568221,"157,88,272,12,5,45",False,False,0.14907345799906563
12,0.739557821769654,4.5,6,16.0,0.13662777825759564,13625.32291877774,13929.32291877774,19,28.95,5,0.42487046632124353,"157,115,246,12,5,44",False,False,0.11662777825759564
12,0.739557821769654,4.5,6,32.0,0.12417027885596243,13746.701341056565,14162.701341056565,13,41.357142857142854,5,0.39378238341968913,"157,133,228,12,5,44",False,False,0.10417027885596243
12,0.739557821769654,4.5,6,64.0,0.11643330152934452,13899.590542655482,14475.590542655482,9,57.9,5,0.4075993091537133,"159,125,236,12,5,42",False,False,0.09643330152934451
12,0.739557821769654,4.5,7,0.0,0.18148096993218377,12252.372243450063,12252.372243450063,149,3.86,4,0.3955094991364421,"229,99,142,47,4,46,12",False,False,0.16148096993218378
12,0.739557821769654,4.5,7,0.1,0.18148096993218377,12252.372243450063,12267.272243450063,149,3.86,4,0.3955094991364421,"229,99,142,47,4,46,12",False,False,0.16148096993218378
12,0.739557821769654,4.5,7,0.25,0.18185528665304393,12252.282933304981,12289.032933304981,147,3.9121621621621623,4,0.39723661485319517,"230,98,142,47,4,46,12",False,False,0.16185528665304394
12,0.739557821769654,4.5,7,0.5,0.18195633769204586,12252.686472146359,12325.186472146359,145,3.9657534246575343,4,0.39896373056994816,"231,97,142,47,4,46,12",False,False,0.16195633769204587
12,0.739557821769654,4.5,7,1.0,0.18394418672083512,12261.978276776259,12386.978276776259,125,4.595238095238095,4,0.40932642487046633,"237,91,143,47,4,45,12",False,False,0.16394418672083513
12,0.739557821769654,4.5,7,2.0,0.1944907107450785,12283.744184559073,12491.744184559073,104,5.514285714285714,4,0.43005181347150256,"249,146,68,4,47,53,12",False,False,0.17449071074507852
12,0.739557821769654,4.5,7,4.0,0.18693261120146568,12350.911074585405,12658.911074585405,77,7.423076923076923,4,0.4265975820379965,"247,148,72,4,46,50,12",False,False,0.16693261120146569
12,0.739557821769654,4.5,7,8.0,0.1733112409913691,12434.50709348945,12898.50709348945,58,9.813559322033898,4,0.41450777202072536,"240,150,77,4,46,50,12",False,False,0.1533112409913691
12,0.739557821769654,4.5,7,16.0,0.16667697385507177,12708.470200642332,13204.470200642332,31,18.09375,4,0.42487046632124353,"246,155,76,4,45,41,12",False,False,0.14667697385507178
12,0.739557821769654,4.5,7,32.0,0.16696695980372184,12780.612562467262,13612.612562467262,26,21.444444444444443,4,0.43523316062176165,"252,157,71,4,43,40,12",False,False,0.14696695980372185
12,0.739557821769654,4.5,7,64.0,0.20087479892315208,13394.9663472517,13906.9663472517,8,64.33333333333333,3,0.5578583765112263,"323,36,159,42,4,3,12",False,False,0.18087479892315209
12,0.739557821769654,4.5,8,0.0,0.16917952522037083,11762.502769396044,11762.502769396044,174,3.3085714285714287,4,0.40414507772020725,"91,48,45,234,4,35,12,110",False,False,0.14917952522037084
12,0.739557821769654,4.5,8,0.1,0.16917952522037083,11762.502769396044,11779.902769396043,174,3.3085714285714287,4,0.40414507772020725,"91,48,45,234,4,35,12,110",False,False,0.14917952522037084
12,0.739557821769654,4.5,8,0.25,0.16917952522037083,11762.502769396044,11806.002769396044,174,3.3085714285714287,4,0.40414507772020725,"91,48,45,234,4,35,12,110",False,False,0.14917952522037084
12,0.739557821769654,4.5,8,0.5,0.16977391446092746,11764.915371210016,11847.915371210016,166,3.467065868263473,4,0.4075993091537133,"89,48,45,236,4,35,12,110",False,False,0.14977391446092747
12,0.739557821769654,4.5,8,1.0,0.16972581415169277,11768.123944635836,11928.123944635836,160,3.5962732919254656,4,0.4075993091537133,"89,47,45,236,4,35,12,111",False,False,0.14972581415169278
12,0.739557821769654,4.5,8,2.0,0.16930981877307966,11821.656317516272,12051.656317516272,115,4.991379310344827,4,0.4214162348877375,"244,82,65,40,87,4,12,45",False,False,0.14930981877307967
12,0.739557821769654,4.5,8,4.0,0.16157958455518276,11900.512292284728,12248.512292284728,87,6.579545454545454,4,0.41796200345423146,"242,85,66,40,86,4,12,44",False,False,0.14157958455518277
12,0.739557821769654,4.5,8,8.0,0.1536653257881837,12009.510491803929,12505.510491803929,62,9.19047619047619,4,0.40932642487046633,"237,82,66,42,89,4,12,47",False,False,0.13366532578818371
12,0.739557821769654,4.5,8,16.0,0.1476411181691188,12276.306197663951,12804.306197663951,33,17.029411764705884,4,0.4283246977547496,"248,76,70,38,91,4,12,40",False,False,0.1276411181691188
12,0.739557821769654,4.5,8,32.0,0.14667117658255716,12360.862009476288,13224.862009476288,27,20.678571428571427,4,0.43523316062176165,"252,71,67,43,90,4,12,40",False,False,0.12667117658255717
12,0.739557821769654,4.5,8,64.0,0.17492670256440238,12965.70915992163,13541.70915992163,9,57.9,3,0.5578583765112263,"323,36,69,42,90,4,12,3",False,False,0.15492670256440239
16,0.8121598604808169,3.375,2,0.0,0.20407546907887736,21719.860328814797,21719.860328814797,5,96.5,204,0.6476683937823834,"204,375",False,False,0.20407546907887736
16,0.8121598604808169,3.375,2,0.1,0.20407546907887736,21719.860328814797,21720.360328814797,5,96.5,204,0.6476683937823834,"204,375",False,False,0.20407546907887736
16,0.8121598604808169,3.375,2,0.25,0.20407546907887736,21719.860328814797,21721.110328814797,5,96.5,204,0.6476683937823834,"204,375",False,False,0.20407546907887736
16,0.8121598604808169,3.375,2,0.5,0.20407546907887736,21719.860328814797,21722.360328814797,5,96.5,204,0.6476683937823834,"204,375",False,False,0.20407546907887736
16,0.8121598604808169,3.375,2,1.0,0.20330960454203026,21720.782996007874,21723.782996007874,3,144.75,205,0.6459412780656304,"205,374",False,False,0.20330960454203026
16,0.8121598604808169,3.375,2,2.0,0.20330960454203026,21720.782996007874,21726.782996007874,3,144.75,205,0.6459412780656304,"205,374",False,False,0.20330960454203026
16,0.8121598604808169,3.375,2,4.0,0.20330960454203026,21720.782996007874,21732.782996007874,3,144.75,205,0.6459412780656304,"205,374",False,False,0.20330960454203026
16,0.8121598604808169,3.375,2,8.0,0.20330960454203026,21720.782996007874,21744.782996007874,3,144.75,205,0.6459412780656304,"205,374",False,False,0.20330960454203026
16,0.8121598604808169,3.375,2,16.0,0.20330960454203026,21720.782996007874,21768.782996007874,3,144.75,205,0.6459412780656304,"205,374",False,False,0.20330960454203026
16,0.8121598604808169,3.375,2,32.0,0.20330960454203026,21720.782996007874,21816.782996007874,3,144.75,205,0.6459412780656304,"205,374",False,False,0.20330960454203026
16,0.8121598604808169,3.375,2,64.0,0.20330960454203026,21720.782996007874,21912.782996007874,3,144.75,205,0.6459412780656304,"205,374",False,False,0.20330960454203026
16,0.8121598604808169,3.375,3,0.0,0.2024458646146485,19630.35652181844,19630.35652181844,5,96.5,5,0.6459412780656304,"200,374,5",False,False,0.1824458646146485
16,0.8121598604808169,3.375,3,0.1,0.2024458646146485,19630.35652181844,19630.85652181844,5,96.5,5,0.6459412780656304,"200,374,5",False,False,0.1824458646146485
16,0.8121598604808169,3.375,3,0.25,0.2024458646146485,19630.35652181844,19631.60652181844,5,96.5,5,0.6459412780656304,"200,374,5",False,False,0.1824458646146485
16,0.8121598604808169,3.375,3,0.5,0.20177645030715205,19631.00550401088,19632.50550401088,3,144.75,5,0.6442141623488774,"201,373,5",False,False,0.18177645030715206
16,0.8121598604808169,3.375,3,1.0,0.20177645030715205,19631.00550401088,19634.00550401088,3,144.75,5,0.6442141623488774,"201,373,5",False,False,0.18177645030715206
16,0.8121598604808169,3.375,3,2.0,0.20177645030715205,19631.00550401088,19637.00550401088,3,144.75,5,0.6442141623488774,"201,373,5",False,False,0.18177645030715206
16,0.8121598604808169,3.375,3,4.0,0.20177645030715205,19631.00550401088,19643.00550401088,3,144.75,5,0.6442141623488774,"201,373,5",False,False,0.18177645030715206
16,0.8121598604808169,3.375,3,8.0,0.20177645030715205,19631.00550401088,19655.00550401088,3,144.75,5,0.6442141623488774,"201,373,5",False,False,0.18177645030715206
16,0.8121598604808169,3.375,3,16.0,0.20177645030715205,19631.00550401088,19679.00550401088,3,144.75,5,0.6442141623488774,"201,373,5",False,False,0.18177645030715206
16,0.8121598604808169,3.375,3,32.0,0.20177645030715205,19631.00550401088,19727.00550401088,3,144.75,5,0.6442141623488774,"201,373,5",False,False,0.18177645030715206
16,0.8121598604808169,3.375,3,64.0,0.20177645030715205,19631.00550401088,19823.00550401088,3,144.75,5,0.6442141623488774,"201,373,5",False,False,0.18177645030715206
16,0.8121598604808169,3.375,4,0.0,0.2184711169107514,17803.914838128236,17803.914838128236,5,96.5,5,0.6286701208981001,"198,364,5,12",False,False,0.19847111691075142
16,0.8121598604808169,3.375,4,0.1,0.2184711169107514,17803.914838128236,17804.414838128236,5,96.5,5,0.6286701208981001,"198,364,5,12",False,False,0.19847111691075142
16,0.8121598604808169,3.375,4,0.25,0.2184711169107514,17803.914838128236,17805.164838128236,5,96.5,5,0.6286701208981001,"198,364,5,12",False,False,0.19847111691075142
16,0.8121598604808169,3.375,4,0.5,0.2184711169107514,17803.914838128236,17806.414838128236,5,96.5,5,0.6286701208981001,"198,364,5,12",False,False,0.19847111691075142
16,0.8121598604808169,3.375,4,1.0,0.2184711169107514,17803.914838128236,17808.914838128236,5,96.5,5,0.6286701208981001,"198,364,5,12",False,False,0.19847111691075142
16,0.8121598604808169,3.375,4,2.0,0.2184711169107514,17803.914838128236,17813.914838128236,5,96.5,5,0.6286701208981001,"198,364,5,12",False,False,0.19847111691075142
16,0.8121598604808169,3.375,4,4.0,0.2184711169107514,17803.914838128236,17823.914838128236,5,96.5,5,0.6286701208981001,"198,364,5,12",False,False,0.19847111691075142
16,0.8121598604808169,3.375,4,8.0,0.2184711169107514,17803.914838128236,17843.914838128236,5,96.5,5,0.6286701208981001,"198,364,5,12",False,False,0.19847111691075142
16,0.8121598604808169,3.375,4,16.0,0.2184711169107514,17803.914838128236,17883.914838128236,5,96.5,5,0.6286701208981001,"198,364,5,12",False,False,0.19847111691075142
16,0.8121598604808169,3.375,4,32.0,0.2184711169107514,17803.914838128236,17963.914838128236,5,96.5,5,0.6286701208981001,"198,364,5,12",False,False,0.19847111691075142
16,0.8121598604808169,3.375,4,64.0,0.21941027194920526,17853.029343581,18109.029343581,4,115.8,7,0.6234887737478411,"199,361,12,7",False,False,0.19941027194920527
16,0.8121598604808169,3.375,5,0.0,0.2090845312990975,16487.93412722279,16487.93412722279,52,10.924528301886792,5,0.5993091537132987,"148,347,67,12,5",False,False,0.1890845312990975
16,0.8121598604808169,3.375,5,0.1,0.2090845312990975,16487.93412722279,16493.13412722279,52,10.924528301886792,5,0.5993091537132987,"148,347,67,12,5",False,False,0.1890845312990975
16,0.8121598604808169,3.375,5,0.25,0.2090845312990975,16487.93412722279,16500.93412722279,52,10.924528301886792,5,0.5993091537132987,"148,347,67,12,5",False,False,0.1890845312990975
16,0.8121598604808169,3.375,5,0.5,0.2090845312990975,16487.93412722279,16513.93412722279,52,10.924528301886792,5,0.5993091537132987,"148,347,67,12,5",False,False,0.1890845312990975
16,0.8121598604808169,3.375,5,1.0,0.21334478933882375,16481.9308317759,16516.9308317759,35,16.083333333333332,5,0.6062176165803109,"156,351,55,12,5",False,False,0.19334478933882376
16,0.8121598604808169,3.375,5,2.0,0.2139665539526517,16486.116570362734,16548.116570362734,31,18.09375,5,0.6062176165803109,"158,351,53,12,5",False,False,0.19396655395265172
16,0.8121598604808169,3.375,5,4.0,0.21390904881764206,16510.778609205256,16590.778609205256,20,27.571428571428573,5,0.6183074265975821,"47,358,5,12,157",False,False,0.19390904881764207
16,0.8121598604808169,3.375,5,8.0,0.21500481832708476,16535.200715926516,16663.200715926516,16,34.05882352941177,5,0.6183074265975821,"44,358,5,12,160",False,False,0.19500481832708477
16,0.8121598604808169,3.375,5,16.0,0.2142984631381708,16577.238929053314,16769.238929053314,12,44.53846153846154,5,0.6234887737478411,"41,361,5,12,160",False,False,0.1942984631381708
16,0.8121598604808169,3.375,5,32.0,0.21248080850005535,16633.39562648321,16889.39562648321,8,64.33333333333333,5,0.6234887737478411,"44,361,5,12,157",False,False,0.19248080850005536
16,0.8121598604808169,3.375,5,64.0,0.2151997746871679,16691.30480772599,17075.30480772599,6,82.71428571428571,5,0.6234887737478411,"42,361,5,12,159",False,False,0.1951997746871679
16,0.8121598604808169,3.375,6,0.0,0.192639804940194,15315.449070304936,15315.449070304936,102,5.621359223300971,5,0.5129533678756477,"297,45,12,150,5,70",False,False,0.172639804940194
16,0.8121598604808169,3.375,6,0.1,0.192639804940194,15315.449070304936,15325.649070304937,102,5.621359223300971,5,0.5129533678756477,"297,45,12,150,5,70",False,False,0.172639804940194
16,0.8121598604808169,3.375,6,0.25,0.192639804940194,15315.449070304936,15340.949070304936,102,5.621359223300971,5,0.5129533678756477,"297,45,12,150,5,70",False,False,0.172639804940194
16,0.8121598604808169,3.375,6,0.5,0.19647967246155185,15313.940323985646,15361.940323985646,96,5.969072164948454,5,0.5181347150259067,"300,45,12,149,5,68",False,False,0.17647967246155186
16,0.8121598604808169,3.375,6,1.0,0.20488277843137093,15311.8240509261,15397.8240509261,86,6.655172413793103,5,0.5354058721934369,"45,310,5,12,148,59",False,False,0.18488277843137094
16,0.8121598604808169,3.375,6,2.0,0.20389908151694983,15325.500956617389,15477.500956617389,76,7.51948051948052,5,0.531951640759931,"308,43,12,151,5,60",False,False,0.18389908151694984
16,0.8121598604808169,3.375,6,4.0,0.20256369862179063,15347.032425246753,15615.032425246753,67,8.514705882352942,5,0.531951640759931,"308,45,12,152,5,57",False,False,0.18256369862179064
16,0.8121598604808169,3.375,6,8.0,0.20184354703367804,15414.263028799844,15838.263028799844,53,10.722222222222221,5,0.5371329879101899,"311,46,12,153,5,52",False,False,0.18184354703367805
16,0.8121598604808169,3.375,6,16.0,0.19438031965814032,15730.10976830074,16114.10976830074,24,23.16,5,0.5561312607944733,"45,322,5,12,155,40",False,False,0.17438031965814033
16,0.8121598604808169,3.375,6,32.0,0.10748578402006811,15967.98641501558,16383.98641501558,13,41.357142857142854,6,0.39896373056994816,"157,231,12,129,44,6",False,False,0.08748578402006811
16,0.8121598604808169,3.375,6,64.0,0.18184601354538327,16169.52258641776,16617.52258641776,7,72.375,5,0.6234887737478411,"90,361,69,12,5,42",False,False,0.16184601354538328
16,0.8121598604808169,3.375,7,0.0,0.17335260428669905,14464.59038964613,14464.59038964613,126,4.559055118110236,5,0.41968911917098445,"243,40,76,150,5,53,12",False,False,0.15335260428669906
16,0.8121598604808169,3.375,7,0.1,0.17276167549458368,14464.284479572034,14476.684479572034,124,4.632,5,0.41796200345423146,"242,40,77,150,5,53,12",False,False,0.1527616754945837
16,0.8121598604808169,3.375,7,0.25,0.17276167549458368,14464.284479572034,14495.284479572034,124,4.632,5,0.41796200345423146,"242,40,77,150,5,53,12",False,False,0.1527616754945837
16,0.8121598604808169,3.375,7,0.5,0.17321668741669516,14464.739691021063,14525.239691021063,121,4.745901639344262,5,0.41796200345423146,"242,40,77,150,5,53,12",False,False,0.15321668741669517
16,0.8121598604808169,3.375,7,1.0,0.1739864129087586,14465.583722249532,14584.583722249532,119,4.825,5,0.41968911917098445,"243,40,76,150,5,53,12",False,False,0.1539864129087586
16,0.8121598604808169,3.375,7,2.0,0.17500980556234885,14474.006536863211,14698.006536863211,112,5.123893805309734,5,0.4231433506044905,"245,40,74,150,5,53,12",False,False,0.15500980556234886
16,0.8121598604808169,3.375,7,4.0,0.1804053186366131,14547.460827912342,14871.460827912342,81,7.060975609756097,5,0.4473229706390328,"259,39,59,152,5,53,12",False,False,0.16040531863661311
16,0.8121598604808169,3.375,7,8.0,0.19130761566790525,14641.364115300337,15057.364115300337,52,10.924528301886792,5,0.4853195164075993,"281,43,36,153,5,49,12",False,False,0.17130761566790526
16,0.8121598604808169,3.375,7,16.0,0.18307529570998052,14884.391794727628,15348.391794727628,29,19.3,5,0.49222797927461137,"285,40,36,160,5,41,12",False,False,0.16307529570998053
16,0.8121598604808169,3.375,7,32.0,0.17982901840376297,14966.063515871732,15702.063515871732,23,24.125,5,0.49568221070811747,"287,43,36,157,5,39,12",False,False,0.15982901840376298
16,0.8121598604808169,3.375,7,64.0,0.17201410539910797,15315.957156283086,15827.957156283086,8,64.33333333333333,5,0.5595854922279793,"90,324,69,12,5,42,37",False,False,0.15201410539910798
16,0.8121598604808169,3.375,8,0.0,0.1368015507150981,13909.321319605773,13909.321319605773,168,3.42603550295858,5,0.33506044905008636,"67,149,67,194,45,12,5,40",False,False,0.11680155071509811
16,0.8121598604808169,3.375,8,0.1,0.1368015507150981,13909.321319605773,13926.121319605772,168,3.42603550295858,5,0.33506044905008636,"67,149,67,194,45,12,5,40",False,False,0.11680155071509811
16,0.8121598604808169,3.375,8,0.25,0.13798579070953756,13908.86127249194,13950.11127249194,165,3.4879518072289155,5,0.3385146804835924,"66,149,67,196,44,12,5,40",False,False,0.11798579070953756
16,0.8121598604808169,3.375,8,0.5,0.13798579070953756,13908.86127249194,13991.36127249194,165,3.4879518072289155,5,0.3385146804835924,"66,149,67,196,44,12,5,40",False,False,0.11798579070953756
16,0.8121598604808169,3.375,8,1.0,0.15670701223456782,13926.614468629727,14058.614468629727,132,4.353383458646617,4,0.4075993091537133,"88,83,64,12,38,4,54,236",False,False,0.13670701223456783
16,0.8121598604808169,3.375,8,2.0,0.1598544580382185,13950.650568032328,14170.650568032328,110,5.216216216216216,4,0.41968911917098445,"88,77,66,12,38,4,51,243",False,False,0.1398544580382185
16,0.8121598604808169,3.375,8,4.0,0.15806439473155723,14010.550617655426,14354.550617655426,86,6.655172413793103,4,0.4283246977547496,"88,71,65,12,41,4,50,248",False,False,0.13806439473155724
16,0.8121598604808169,3.375,8,8.0,0.14483919011892055,14113.88028473581,14601.88028473581,61,9.338709677419354,4,0.4162348877374784,"91,76,65,12,40,4,50,241",False,False,0.12483919011892054
16,0.8121598604808169,3.375,8,16.0,0.15775383011042032,14411.746574697117,14875.746574697117,29,19.3,5,0.47668393782383417,"95,39,5,67,276,38,12,47",False,False,0.13775383011042033
16,0.8121598604808169,3.375,8,32.0,0.16521525936961878,14480.046051611193,15216.046051611193,23,24.125,5,0.4905008635578584,"95,41,5,69,284,37,12,36",False,False,0.1452152593696188
16,0.8121598604808169,3.375,8,64.0,0.09792798980260703,14974.661475681918,15486.661475681918,8,64.33333333333333,3,0.27461139896373055,"159,133,157,4,12,71,3,40",False,False,0.07792798980260703
24,0.9065709240128585,2.25,2,0.0,0.183553051361377,24665.06297937059,24665.06297937059,5,96.5,204,0.6476683937823834,"375,204",False,False,0.183553051361377
24,0.9065709240128585,2.25,2,0.1,0.183553051361377,24665.06297937059,24665.56297937059,5,96.5,204,0.6476683937823834,"375,204",False,False,0.183553051361377
24,0.9065709240128585,2.25,2,0.25,0.183553051361377,24665.06297937059,24666.31297937059,5,96.5,204,0.6476683937823834,"375,204",False,False,0.183553051361377
24,0.9065709240128585,2.25,2,0.5,0.183553051361377,24665.06297937059,24667.56297937059,5,96.5,204,0.6476683937823834,"375,204",False,False,0.183553051361377
24,0.9065709240128585,2.25,2,1.0,0.1827932642453445,24666.031578425365,24669.031578425365,3,144.75,205,0.6459412780656304,"374,205",False,False,0.1827932642453445
24,0.9065709240128585,2.25,2,2.0,0.1827932642453445,24666.031578425365,24672.031578425365,3,144.75,205,0.6459412780656304,"374,205",False,False,0.1827932642453445
24,0.9065709240128585,2.25,2,4.0,0.1827932642453445,24666.031578425365,24678.031578425365,3,144.75,205,0.6459412780656304,"374,205",False,False,0.1827932642453445
24,0.9065709240128585,2.25,2,8.0,0.1827932642453445,24666.031578425365,24690.031578425365,3,144.75,205,0.6459412780656304,"374,205",False,False,0.1827932642453445
24,0.9065709240128585,2.25,2,16.0,0.1827932642453445,24666.031578425365,24714.031578425365,3,144.75,205,0.6459412780656304,"374,205",False,False,0.1827932642453445
24,0.9065709240128585,2.25,2,32.0,0.1827932642453445,24666.031578425365,24762.031578425365,3,144.75,205,0.6459412780656304,"374,205",False,False,0.1827932642453445
24,0.9065709240128585,2.25,2,64.0,0.1827932642453445,24666.031578425365,24858.031578425365,3,144.75,205,0.6459412780656304,"374,205",False,False,0.1827932642453445
24,0.9065709240128585,2.25,3,0.0,0.1693291340829457,22644.029835221638,22644.029835221638,70,8.154929577464788,59,0.6027633851468048,"171,349,59",True,True,0.1693291340829457
24,0.9065709240128585,2.25,3,0.1,0.1693291340829457,22644.029835221638,22651.029835221638,70,8.154929577464788,59,0.6027633851468048,"171,349,59",True,True,0.1693291340829457
24,0.9065709240128585,2.25,3,0.25,0.16965665054733767,22643.171231649256,22660.171231649256,68,8.391304347826088,58,0.6044905008635578,"171,350,58",True,True,0.16965665054733767
24,0.9065709240128585,2.25,3,0.5,0.1698406907896774,22642.860904317917,22675.860904317917,66,8.64179104477612,57,0.6044905008635578,"172,350,57",True,True,0.1698406907896774
24,0.9065709240128585,2.25,3,1.0,0.17106526053608892,22640.796232275767,22698.796232275767,58,9.813559322033898,54,0.6079447322970639,"173,352,54",True,True,0.17106526053608892
24,0.9065709240128585,2.25,3,2.0,0.18648261237833672,22621.836958911234,22631.836958911234,5,96.5,20,0.6234887737478411,"20,361,198",False,False,0.18648261237833672
24,0.9065709240128585,2.25,3,4.0,0.18648261237833672,22621.836958911234,22641.836958911234,5,96.5,20,0.6234887737478411,"20,361,198",False,False,0.18648261237833672
24,0.9065709240128585,2.25,3,8.0,0.18648261237833672,22621.836958911234,22661.836958911234,5,96.5,20,0.6234887737478411,"20,361,198",False,False,0.18648261237833672
24,0.9065709240128585,2.25,3,16.0,0.1873481574390461,22628.57089647565,22676.57089647565,3,144.75,19,0.6234887737478411,"19,361,199",False,False,0.1673481574390461
24,0.9065709240128585,2.25,3,32.0,0.18266311665998286,22607.743210787477,22703.743210787477,3,144.75,7,0.6442141623488774,"373,199,7",False,False,0.16266311665998287
24,0.9065709240128585,2.25,3,64.0,0.18266311665998286,22607.743210787477,22799.743210787477,3,144.75,7,0.6442141623488774,"373,199,7",False,False,0.16266311665998287
24,0.9065709240128585,2.25,4,0.0,0.18557415677107325,20806.976398773717,20806.976398773717,53,10.722222222222221,12,0.5958549222797928,"173,49,12,345",False,False,0.16557415677107326
24,0.9065709240128585,2.25,4,0.1,0.18557415677107325,20806.976398773717,20812.276398773716,53,10.722222222222221,12,0.5958549222797928,"173,49,12,345",False,False,0.16557415677107326
24,0.9065709240128585,2.25,4,0.25,0.18557415677107325,20806.976398773717,20820.226398773717,53,10.722222222222221,12,0.5958549222797928,"173,49,12,345",False,False,0.16557415677107326
24,0.9065709240128585,2.25,4,0.5,0.18557415677107325,20806.976398773717,20833.476398773717,53,10.722222222222221,12,0.5958549222797928,"173,49,12,345",False,False,0.16557415677107326
24,0.9065709240128585,2.25,4,1.0,0.18557415677107325,20806.976398773717,20859.976398773717,53,10.722222222222221,12,0.5958549222797928,"173,49,12,345",False,False,0.16557415677107326
24,0.9065709240128585,2.25,4,2.0,0.1858643926522338,20809.445336778423,20911.445336778423,51,11.134615384615385,12,0.5958549222797928,"172,50,12,345",False,False,0.16586439265223382
24,0.9065709240128585,2.25,4,4.0,0.1866873572490322,20833.20621243291,20997.20621243291,41,13.785714285714286,12,0.6044905008635578,"172,45,12,350",False,False,0.16668735724903222
24,0.9065709240128585,2.25,4,8.0,0.1879534927505693,20897.823790153423,21097.823790153423,25,22.26923076923077,12,0.613126079447323,"173,39,12,355",False,False,0.1679534927505693
24,0.9065709240128585,2.25,4,16.0,0.1842617834453606,20965.050550661814,21109.050550661814,9,57.9,12,0.6234887737478411,"162,44,12,361",False,False,0.1642617834453606
24,0.9065709240128585,2.25,4,32.0,0.1842617834453606,20965.050550661814,21253.050550661814,9,57.9,12,0.6234887737478411,"162,44,12,361",False,False,0.1642617834453606
24,0.9065709240128585,2.25,4,64.0,0.1843514641696537,21167.575654252534,21487.575654252534,5,96.5,12,0.6234887737478411,"159,47,12,361",False,False,0.1643514641696537
24,0.9065709240128585,2.25,5,0.0,0.181567260330946,19695.25631590056,19695.25631590056,21,26.318181818181817,6,0.5630397236614854,"44,153,6,50,326",False,False,0.161567260330946
24,0.9065709240128585,2.25,5,0.1,0.181567260330946,19695.25631590056,19697.356315900557,21,26.318181818181817,6,0.5630397236614854,"44,153,6,50,326",False,False,0.161567260330946
24,0.9065709240128585,2.25,5,0.25,0.181567260330946,19695.25631590056,19700.50631590056,21,26.318181818181817,6,0.5630397236614854,"44,153,6,50,326",False,False,0.161567260330946
24,0.9065709240128585,2.25,5,0.5,0.181567260330946,19695.25631590056,19705.75631590056,21,26.318181818181817,6,0.5630397236614854,"44,153,6,50,326",False,False,0.161567260330946
24,0.9065709240128585,2.25,5,1.0,0.181567260330946,19695.25631590056,19716.25631590056,21,26.318181818181817,6,0.5630397236614854,"44,153,6,50,326",False,False,0.161567260330946
24,0.9065709240128585,2.25,5,2.0,0.1816648347379377,19697.23865775889,19735.23865775889,19,28.95,6,0.5647668393782384,"44,153,6,49,327",False,False,0.16166483473793772
24,0.9065709240128585,2.25,5,4.0,0.18246143678005508,19701.217022551617,19769.217022551617,17,32.166666666666664,6,0.5647668393782384,"44,154,6,48,327",False,False,0.1624614367800551
24,0.9065709240128585,2.25,5,8.0,0.18243373072627098,19715.230749027323,19835.230749027323,15,36.1875,6,0.5647668393782384,"44,155,6,47,327",False,False,0.162433730726271
24,0.9065709240128585,2.25,5,16.0,0.18261416640730832,19795.122762357692,19907.122762357692,7,72.375,6,0.5664939550949913,"44,157,6,44,328",False,False,0.16261416640730833
24,0.9065709240128585,2.25,5,32.0,0.18261416640730832,19795.122762357692,20019.122762357692,7,72.375,6,0.5664939550949913,"44,157,6,44,328",False,False,0.16261416640730833
24,0.9065709240128585,2.25,5,64.0,0.18514866261383126,19854.722631778593,20174.722631778593,5,96.5,6,0.5664939550949913,"44,159,6,42,328",False,False,0.16514866261383127
24,0.9065709240128585,2.25,6,0.0,0.15664286414766698,18558.439240129897,18558.439240129897,98,5.848484848484849,5,0.4697754749568221,"44,67,140,5,51,272",False,False,0.136642864147667
24,0.9065709240128585,2.25,6,0.1,0.16329365773225668,18554.025471856723,18562.62547185672,86,6.655172413793103,5,0.48186528497409326,"44,60,141,5,50,279",False,False,0.1432936577322567
24,0.9065709240128585,2.25,6,0.25,0.17079659547794088,18537.908608816095,18558.158608816095,81,7.060975609756097,5,0.4939550949913644,"44,53,148,5,43,286",False,False,0.1507965954779409
24,0.9065709240128585,2.25,6,0.5,0.16530115182849944,18551.19872672832,18591.19872672832,80,7.148148148148148,5,0.4853195164075993,"44,58,143,5,48,281",False,False,0.14530115182849945
24,0.9065709240128585,2.25,6,1.0,0.1688604662494039,18544.370477025048,18617.370477025048,73,7.824324324324325,5,0.48877374784110533,"44,56,149,5,42,283",False,False,0.1488604662494039
24,0.9065709240128585,2.25,6,2.0,0.16839954213998534,18549.432999926892,18689.432999926892,70,8.154929577464788,5,0.4853195164075993,"44,57,149,5,43,281",False,False,0.14839954213998535
24,0.9065709240128585,2.25,6,4.0,0.1592682957653852,18535.449321781532,18691.449321781532,39,14.475,8,0.5215889464594128,"47,8,302,56,12,154",False,False,0.1392682957653852
24,0.9065709240128585,2.25,6,8.0,0.14161640641892292,18642.186859114085,18826.186859114085,23,24.125,8,0.5060449050086355,"45,8,293,66,12,155",False,False,0.12161640641892292
24,0.9065709240128585,2.25,6,16.0,0.16756676654233033,18705.35824959911,18849.35824959911,9,57.9,8,0.5578583765112263,"43,8,323,36,12,157",False,False,0.14756676654233034
24,0.9065709240128585,2.25,6,32.0,0.17468875130771336,18686.36718657379,18910.36718657379,7,72.375,5,0.5595854922279793,"37,159,5,42,324,12",False,False,0.15468875130771337
24,0.9065709240128585,2.25,6,64.0,0.16679557862918468,18750.649674107895,19134.649674107895,6,82.71428571428571,7,0.5578583765112263,"42,7,323,36,12,159",False,False,0.1467955786291847
24,0.9065709240128585,2.25,7,0.0,0.1435217351498682,17330.84662825452,17330.84662825452,128,4.488372093023256,5,0.4075993091537133,"83,147,5,42,236,54,12",False,False,0.12352173514986821
24,0.9065709240128585,2.25,7,0.1,0.1435217351498682,17330.84662825452,17343.64662825452,128,4.488372093023256,5,0.4075993091537133,"83,147,5,42,236,54,12",False,False,0.12352173514986821
24,0.9065709240128585,2.25,7,0.25,0.1435217351498682,17330.84662825452,17362.84662825452,128,4.488372093023256,5,0.4075993091537133,"83,147,5,42,236,54,12",False,False,0.12352173514986821
24,0.9065709240128585,2.25,7,0.5,0.14654565681368678,17328.930215576715,17391.930215576715,126,4.559055118110236,5,0.41450777202072536,"79,147,5,42,240,54,12",False,False,0.1265456568136868
24,0.9065709240128585,2.25,7,1.0,0.14868494259080312,17330.956500743665,17448.956500743665,118,4.8655462184873945,5,0.4214162348877375,"74,147,5,43,244,54,12",False,False,0.12868494259080313
24,0.9065709240128585,2.25,7,2.0,0.14878844996844648,17337.805649508224,17561.805649508224,112,5.123893805309734,5,0.4231433506044905,"74,147,5,43,245,53,12",False,False,0.1287884499684465
24,0.9065709240128585,2.25,7,4.0,0.15561852832346434,17417.84222152162,17725.84222152162,77,7.423076923076923,5,0.45077720207253885,"57,149,5,42,261,53,12",False,False,0.13561852832346435
24,0.9065709240128585,2.25,7,8.0,0.13983555909500234,17514.957718461235,18002.957718461235,61,9.338709677419354,5,0.4317789291882556,"67,150,5,46,250,49,12",False,False,0.11983555909500233
24,0.9065709240128585,2.25,7,16.0,0.16026816250787518,17768.981773941432,18168.981773941432,25,22.26923076923077,5,0.49568221070811747,"36,160,5,40,287,39,12",False,False,0.1402681625078752
24,0.9065709240128585,2.25,7,32.0,0.1591447844307012,17794.28576301918,18530.28576301918,23,24.125,5,0.49568221070811747,"36,157,5,43,287,39,12",False,False,0.13914478443070122
24,0.9065709240128585,2.25,7,64.0,0.16761326041524616,18161.822441159493,18673.822441159493,8,64.33333333333333,2,0.5578583765112263,"323,159,42,36,5,2,12",False,False,0.14761326041524617
24,0.9065709240128585,2.25,8,0.0,0.14650643079695996,16761.71108294212,16761.71108294212,135,4.257352941176471,2,0.4214162348877375,"139,82,46,51,12,3,244,2",False,False,0.12650643079695997
24,0.9065709240128585,2.25,8,0.1,0.14779088948923977,16756.11918724971,16769.019187249713,129,4.453846153846154,2,0.4231433506044905,"142,81,46,48,12,3,245,2",False,False,0.12779088948923978
24,0.9065709240128585,2.25,8,0.25,0.14779088948923977,16756.11918724971,16788.36918724971,129,4.453846153846154,2,0.4231433506044905,"142,81,46,48,12,3,245,2",False,False,0.12779088948923978
24,0.9065709240128585,2.25,8,0.5,0.1486082967363883,16756.758354280064,16820.258354280064,127,4.5234375,2,0.42487046632124353,"142,80,46,48,12,3,246,2",False,False,0.12860829673638832
24,0.9065709240128585,2.25,8,1.0,0.14918514611652606,16758.719249297057,16879.719249297057,121,4.745901639344262,2,0.42487046632124353,"143,79,47,47,12,3,246,2",False,False,0.12918514611652607
24,0.9065709240128585,2.25,8,2.0,0.14782519717971385,16822.19101443612,16976.19101443612,77,7.423076923076923,5,0.4283246977547496,"248,64,68,40,55,5,12,87",False,False,0.12782519717971386
24,0.9065709240128585,2.25,8,4.0,0.14903168543675827,16850.66822443426,17102.66822443426,63,9.046875,5,0.43005181347150256,"249,65,70,39,51,5,12,88",False,False,0.12903168543675828
24,0.9065709240128585,2.25,8,8.0,0.14736893095973738,16897.431295107053,17313.431295107053,52,10.924528301886792,5,0.43005181347150256,"249,65,70,38,49,5,12,91",False,False,0.1273689309597374
24,0.9065709240128585,2.25,8,16.0,0.14061530356176016,17159.60095807319,17559.60095807319,25,22.26923076923077,5,0.4386873920552677,"254,67,71,36,39,5,12,95",False,False,0.12061530356176016
24,0.9065709240128585,2.25,8,32.0,0.14077263346161156,17232.87811762773,17936.87811762773,22,25.17391304347826,5,0.4317789291882556,"250,69,71,35,42,5,12,95",False,False,0.12077263346161156
24,0.9065709240128585,2.25,8,64.0,0.13799233748993314,17662.193764919262,18430.193764919262,12,44.53846153846154,5,0.4784110535405872,"277,69,71,40,15,5,12,90",False,False,0.11799233748993314
