pca_components,explained_variance,compression_ratio,k,jump_penalty,silhouette,inertia,objective,jumps,min_duration_weeks,average_duration_weeks,max_duration_weeks,min_cluster_size,max_cluster_share,cluster_sizes,market_regime_feasible,attention_ready,tuning_score
6,0.539383616451501,9.0,2,0.0,0.3073260686565855,30601.030950115794,30601.030950115794,71,1,8.041666666666666,73,130,0.7754749568221071,"130,449",False,False,0.2873260686565855
6,0.539383616451501,9.0,2,0.25,0.3073260686565855,30601.030950115794,30618.780950115794,71,1,8.041666666666666,73,130,0.7754749568221071,"130,449",False,False,0.2873260686565855
6,0.539383616451501,9.0,2,0.5,0.3073260686565855,30601.030950115794,30636.530950115794,71,1,8.041666666666666,73,130,0.7754749568221071,"130,449",False,False,0.2873260686565855
6,0.539383616451501,9.0,2,1.0,0.3070938973615351,30603.450613622084,30670.450613622084,67,1,8.514705882352942,73,130,0.7754749568221071,"130,449",False,False,0.28709389736153507
6,0.539383616451501,9.0,2,2.0,0.3105192841619918,30597.642994043166,30723.642994043166,63,1,9.046875,74,125,0.7841105354058722,"454,125",False,False,0.2905192841619918
6,0.539383616451501,9.0,2,4.0,0.3127489471881276,30623.632267859826,30843.632267859826,55,1,10.339285714285714,74,123,0.7875647668393783,"456,123",False,False,0.2927489471881276
6,0.539383616451501,9.0,2,8.0,0.313558060571654,30660.41805933076,31052.41805933076,49,1,11.58,74,122,0.7892918825561313,"457,122",False,False,0.29355806057165396
6,0.539383616451501,9.0,2,16.0,0.3239044541371559,30801.712926631015,31377.712926631015,36,1,15.64864864864865,88,113,0.8048359240069085,"466,113",False,False,0.3039044541371559
6,0.539383616451501,9.0,2,32.0,0.32564030390601295,31094.345504918936,31862.345504918936,24,3,23.16,95,104,0.8203799654576857,"475,104",False,False,0.30564030390601293
6,0.539383616451501,9.0,2,64.0,0.3399164369416391,31301.239865614894,32453.239865614894,18,3,30.473684210526315,102,97,0.8324697754749568,"97,482",False,False,0.31991643694163907
6,0.539383616451501,9.0,3,0.0,0.1843193590675444,26292.57567277276,26292.57567277276,77,1,7.423076923076923,55,111,0.5164075993091537,"169,299,111",False,False,0.1843193590675444
6,0.539383616451501,9.0,3,0.25,0.1826656374218191,26292.279229832122,26311.029229832122,75,1,7.618421052631579,55,111,0.5129533678756477,"171,297,111",False,False,0.1826656374218191
6,0.539383616451501,9.0,3,0.5,0.1853162570727364,26294.248418285562,26329.748418285562,71,1,8.041666666666666,55,110,0.5164075993091537,"299,110,170",False,False,0.1853162570727364
6,0.539383616451501,9.0,3,1.0,0.1853162570727364,26294.248418285562,26365.248418285562,71,1,8.041666666666666,55,110,0.5164075993091537,"299,110,170",False,False,0.1853162570727364
6,0.539383616451501,9.0,3,2.0,0.18582703967109243,26299.093532491817,26433.093532491817,67,1,8.514705882352942,55,111,0.5164075993091537,"299,111,169",True,True,0.18582703967109243
6,0.539383616451501,9.0,3,4.0,0.18628232285376287,26311.98654219137,26559.98654219137,62,1,9.19047619047619,55,111,0.5181347150259067,"300,111,168",True,True,0.18628232285376287
6,0.539383616451501,9.0,3,8.0,0.1872603429907889,26390.722677440222,26758.722677440222,46,1,12.319148936170214,55,103,0.5233160621761658,"303,103,173",True,True,0.1872603429907889
6,0.539383616451501,9.0,3,16.0,0.18589143927372587,26473.749230792713,27081.749230792713,38,1,14.846153846153847,79,99,0.5267702936096719,"305,99,175",True,True,0.18589143927372587
6,0.539383616451501,9.0,3,32.0,0.18676720561434074,26584.705554187905,27608.705554187905,32,1,17.545454545454547,88,101,0.531951640759931,"308,101,170",True,True,0.18676720561434074
6,0.539383616451501,9.0,3,64.0,0.18304383303877755,27040.754642199085,28320.754642199085,20,6,27.571428571428573,101,80,0.542314335060449,"314,80,185",True,True,0.18304383303877755
6,0.539383616451501,9.0,4,0.0,0.18032139954948778,23620.481815333318,23620.481815333318,71,1,8.041666666666666,48,14,0.5112262521588946,"170,99,296,14",False,False,0.1603213995494878
6,0.539383616451501,9.0,4,0.25,0.18032139954948778,23620.481815333318,23638.231815333318,71,1,8.041666666666666,48,14,0.5112262521588946,"170,99,296,14",False,False,0.1603213995494878
6,0.539383616451501,9.0,4,0.5,0.18032139954948778,23620.481815333318,23655.981815333318,71,1,8.041666666666666,48,14,0.5112262521588946,"170,99,296,14",False,False,0.1603213995494878
6,0.539383616451501,9.0,4,1.0,0.181330851961137,23622.521340284326,23689.521340284326,67,1,8.514705882352942,48,14,0.5146804835924007,"168,99,298,14",False,False,0.161330851961137
6,0.539383616451501,9.0,4,2.0,0.18150101569759344,23627.21251821559,23753.21251821559,63,1,9.046875,54,14,0.5181347150259067,"167,98,300,14",False,False,0.16150101569759345
6,0.539383616451501,9.0,4,4.0,0.18177477156664512,23634.57689013603,23878.57689013603,61,1,9.338709677419354,54,14,0.5181347150259067,"166,99,300,14",False,False,0.16177477156664513
6,0.539383616451501,9.0,4,8.0,0.18203365487445083,23657.77339163778,24105.77339163778,56,1,10.157894736842104,54,14,0.5198618307426598,"165,99,301,14",False,False,0.16203365487445084
6,0.539383616451501,9.0,4,16.0,0.18588653929629192,23735.261125100355,24263.261125100355,33,1,17.029411764705884,72,22,0.540587219343696,"155,89,313,22",True,True,0.18588653929629192
6,0.539383616451501,9.0,4,32.0,0.18215278475393668,23825.50432988615,24721.50432988615,28,2,19.96551724137931,72,22,0.5354058721934369,"157,90,310,22",True,True,0.18215278475393668
6,0.539383616451501,9.0,4,64.0,0.1794606999770952,24081.49574460857,25489.49574460857,22,2,25.17391304347826,72,22,0.538860103626943,"164,81,312,22",True,True,0.1794606999770952
6,0.539383616451501,9.0,5,0.0,0.18369266658606137,20992.908491073467,20992.908491073467,90,1,6.362637362637362,41,14,0.38169257340241797,"105,221,14,92,147",False,False,0.16369266658606138
6,0.539383616451501,9.0,5,0.25,0.1702974842835089,20987.811994562722,21012.811994562722,100,1,5.732673267326732,39,14,0.38341968911917096,"222,141,97,105,14",False,False,0.15029748428350892
6,0.539383616451501,9.0,5,0.5,0.1835946464424275,20994.060116263805,21037.060116263805,86,1,6.655172413793103,41,14,0.38169257340241797,"105,221,14,92,147",False,False,0.16359464644242752
6,0.539383616451501,9.0,5,1.0,0.18398443073016538,20995.665867527285,21079.665867527285,84,1,6.811764705882353,46,14,0.38341968911917096,"104,222,14,92,147",False,False,0.1639844307301654
6,0.539383616451501,9.0,5,2.0,0.18417520080607644,21003.774725575346,21159.774725575346,78,1,7.329113924050633,48,14,0.38687392055267705,"103,224,14,92,146",False,False,0.16417520080607645
6,0.539383616451501,9.0,5,4.0,0.18370739995876165,21036.41324590728,21296.41324590728,65,1,8.772727272727273,48,14,0.38860103626943004,"98,225,14,94,148",False,False,0.16370739995876166
6,0.539383616451501,9.0,5,8.0,0.18202012206784615,21086.403773402577,21526.403773402577,55,1,10.339285714285714,48,14,0.38687392055267705,"97,224,14,93,151",False,False,0.16202012206784616
6,0.539383616451501,9.0,5,16.0,0.1763783921658674,21307.717104711155,21867.717104711155,35,1,16.083333333333332,72,14,0.39723661485319517,"103,230,14,88,144",False,False,0.1563783921658674
6,0.539383616451501,9.0,5,32.0,0.17590598299280155,21364.2325226305,22388.2325226305,32,1,17.545454545454547,72,14,0.39896373056994816,"103,231,14,89,142",False,False,0.15590598299280156
6,0.539383616451501,9.0,5,64.0,0.15173486781397938,21818.736134860483,23162.736134860483,21,5,26.318181818181817,68,14,0.3436960276338515,"199,169,78,119,14",False,False,0.1317348678139794
6,0.539383616451501,9.0,6,0.0,0.18319500068171646,18686.915180577453,18686.915180577453,125,1,4.595238095238095,39,14,0.3454231433506045,"200,151,52,95,14,67",False,False,0.16319500068171647
6,0.539383616451501,9.0,6,0.25,0.18319500068171646,18686.915180577453,18718.165180577453,125,1,4.595238095238095,39,14,0.3454231433506045,"200,151,52,95,14,67",False,False,0.16319500068171647
6,0.539383616451501,9.0,6,0.5,0.1836803244636406,18688.28257634287,18747.78257634287,119,1,4.825,39,14,0.3488773747841105,"202,151,52,93,14,67",False,False,0.16368032446364061
6,0.539383616451501,9.0,6,1.0,0.18462797189961627,18675.08280267311,18783.08280267311,108,1,5.3119266055045875,40,14,0.3454231433506045,"200,159,52,89,14,65",False,False,0.16462797189961628
6,0.539383616451501,9.0,6,2.0,0.18452434332927636,18705.06214424817,18897.06214424817,96,1,5.969072164948454,47,14,0.3540587219343696,"205,155,50,90,14,65",False,False,0.16452434332927637
6,0.539383616451501,9.0,6,4.0,0.18435486322698594,18731.480332153682,19071.480332153682,85,1,6.732558139534884,50,14,0.3488773747841105,"202,159,49,89,14,66",False,False,0.16435486322698595
6,0.539383616451501,9.0,6,8.0,0.18357317111318042,18767.987285895684,19391.987285895684,78,1,7.329113924050633,50,14,0.3436960276338515,"199,163,49,88,14,66",False,False,0.16357317111318043
6,0.539383616451501,9.0,6,16.0,0.17934415003224555,18930.09799244364,19938.09799244364,63,1,9.046875,50,14,0.34024179620034545,"197,164,49,88,14,67",False,False,0.15934415003224556
6,0.539383616451501,9.0,6,32.0,0.18426224633594324,19419.16368501536,20731.16368501536,41,1,13.785714285714286,72,14,0.41450777202072536,"80,240,58,53,134,14",False,False,0.16426224633594325
6,0.539383616451501,9.0,6,64.0,0.15155090458805862,19950.556990484816,21678.556990484816,27,2,20.678571428571427,68,14,0.3626943005181347,"129,51,210,14,49,126",False,False,0.13155090458805863
6,0.539383616451501,9.0,7,0.0,0.18238176486352847,17322.455873559367,17322.455873559367,112,1,5.123893805309734,37,14,0.3160621761658031,"53,63,126,183,84,56,14",False,False,0.16238176486352848
6,0.539383616451501,9.0,7,0.25,0.1827279609525702,17322.373950289526,17349.873950289526,110,1,5.216216216216216,37,14,0.3177892918825561,"53,63,125,184,84,56,14",False,False,0.16272796095257022
6,0.539383616451501,9.0,7,0.5,0.1827279609525702,17322.373950289526,17377.373950289526,110,1,5.216216216216216,37,14,0.3177892918825561,"53,63,125,184,84,56,14",False,False,0.16272796095257022
6,0.539383616451501,9.0,7,1.0,0.18300339554881048,17324.086164903536,17432.086164903536,108,1,5.3119266055045875,45,14,0.31951640759930916,"53,63,124,185,84,56,14",False,False,0.1630033955488105
6,0.539383616451501,9.0,7,2.0,0.18247886114743367,17332.068295465328,17532.068295465328,100,1,5.732673267326732,45,14,0.31951640759930916,"82,185,64,54,124,14,56",False,False,0.16247886114743368
6,0.539383616451501,9.0,7,4.0,0.18362681825644508,17346.180184779034,17722.180184779034,94,1,6.094736842105263,45,14,0.32469775474956825,"52,65,124,188,80,56,14",False,False,0.1636268182564451
6,0.539383616451501,9.0,7,8.0,0.1811416217533974,17443.347913370482,18059.347913370482,77,1,7.423076923076923,45,14,0.3229706390328152,"50,64,130,187,77,57,14",False,False,0.1611416217533974
6,0.539383616451501,9.0,7,16.0,0.1791575204239082,17598.426821681503,18590.426821681503,62,1,9.19047619047619,59,14,0.3333333333333333,"49,61,128,193,77,57,14",False,False,0.1591575204239082
6,0.539383616451501,9.0,7,32.0,0.16928057787414752,17974.59538396351,19446.59538396351,46,1,12.319148936170214,59,14,0.32469775474956825,"188,57,65,76,14,43,136",False,False,0.14928057787414753
6,0.539383616451501,9.0,7,64.0,0.1628845760295173,18429.62718636245,20541.62718636245,33,2,17.029411764705884,60,14,0.3471502590673575,"51,52,121,201,90,50,14",False,False,0.14288457602951732
6,0.539383616451501,9.0,8,0.0,0.18712103892139068,16267.646538052666,16267.646538052666,116,1,4.948717948717949,38,6,0.3126079447322971,"83,123,181,50,14,6,56,66",False,False,0.16712103892139069
6,0.539383616451501,9.0,8,0.25,0.18712103892139068,16267.646538052666,16296.646538052666,116,1,4.948717948717949,38,6,0.3126079447322971,"83,123,181,50,14,6,56,66",False,False,0.16712103892139069
6,0.539383616451501,9.0,8,0.5,0.18747946586601005,16270.443326560578,16324.443326560578,108,1,5.3119266055045875,46,6,0.3143350604490501,"83,122,182,50,14,6,56,66",False,False,0.16747946586601006
6,0.539383616451501,9.0,8,1.0,0.18923664481876548,16266.846955887704,16369.846955887704,103,1,5.5673076923076925,46,6,0.3177892918825561,"81,122,184,49,14,6,56,67",False,False,0.1692366448187655
6,0.539383616451501,9.0,8,2.0,0.18923664481876548,16266.846955887704,16472.846955887704,103,1,5.5673076923076925,46,6,0.3177892918825561,"81,122,184,49,14,6,56,67",False,False,0.1692366448187655
6,0.539383616451501,9.0,8,4.0,0.18964401985634896,16285.937915995868,16661.93791599587,94,1,6.094736842105263,45,6,0.31951640759930916,"79,122,185,50,14,6,56,67",False,False,0.16964401985634897
6,0.539383616451501,9.0,8,8.0,0.19015493617814488,16376.68763361701,16984.68763361701,76,1,7.51948051948052,45,6,0.3385146804835924,"77,116,196,51,14,6,57,62",False,False,0.1701549361781449
6,0.539383616451501,9.0,8,16.0,0.18324868898257732,16508.703643573088,17564.703643573088,66,1,8.64179104477612,45,6,0.3298791018998273,"82,116,191,49,14,6,58,63",False,False,0.16324868898257733
6,0.539383616451501,9.0,8,32.0,0.17594079992850792,16956.494367085572,18396.494367085572,45,1,12.58695652173913,60,5,0.34196891191709844,"76,123,198,47,14,5,57,59",False,False,0.15594079992850793
6,0.539383616451501,9.0,8,64.0,0.16788557899492565,17464.42758588711,19384.42758588711,30,3,18.677419354838708,60,5,0.3471502590673575,"117,5,201,45,48,95,54,14",False,False,0.14788557899492566
6,0.539383616451501,9.0,9,0.0,0.18095246199301765,15391.21372752885,15391.21372752885,179,1,3.216666666666667,24,9,0.26252158894645944,"109,9,152,63,53,64,14,70,45",False,False,0.16095246199301766
6,0.539383616451501,9.0,9,0.25,0.18095246199301765,15391.21372752885,15435.96372752885,179,1,3.216666666666667,24,9,0.26252158894645944,"109,9,152,63,53,64,14,70,45",False,False,0.16095246199301766
6,0.539383616451501,9.0,9,0.5,0.18095246199301765,15391.21372752885,15480.71372752885,179,1,3.216666666666667,24,9,0.26252158894645944,"109,9,152,63,53,64,14,70,45",False,False,0.16095246199301766
6,0.539383616451501,9.0,9,1.0,0.18004965459998018,15395.386711629193,15567.386711629193,172,1,3.346820809248555,24,9,0.25906735751295334,"111,9,150,64,53,64,14,70,44",False,False,0.1600496545999802
6,0.539383616451501,9.0,9,2.0,0.17877310269891566,15409.144861446792,15727.144861446792,159,1,3.61875,24,9,0.25734024179620035,"113,9,149,65,52,65,14,70,42",False,False,0.15877310269891567
6,0.539383616451501,9.0,9,4.0,0.1765106982101136,15474.517480293654,15978.517480293654,126,1,4.559055118110236,24,9,0.2607944732297064,"111,9,151,66,52,56,14,77,43",False,False,0.1565106982101136
6,0.539383616451501,9.0,9,8.0,0.18577867113476906,15700.769349604374,16404.769349604372,88,1,6.50561797752809,44,5,0.3160621761658031,"73,38,183,46,14,5,57,46,117",False,False,0.16577867113476907
6,0.539383616451501,9.0,9,16.0,0.1792764379908808,15882.64354638641,17034.64354638641,72,1,7.931506849315069,44,5,0.30915371329879104,"74,35,179,47,14,5,57,47,121",False,False,0.15927643799088081
6,0.539383616451501,9.0,9,32.0,0.1739536767457952,16396.840239081066,17868.840239081066,46,1,12.319148936170214,58,5,0.3436960276338515,"76,28,199,49,14,5,49,39,120",False,False,0.15395367674579521
6,0.539383616451501,9.0,9,64.0,0.16060140271907983,16819.949657171033,19059.949657171033,35,3,16.083333333333332,59,5,0.3488773747841105,"91,32,202,45,14,5,50,38,102",False,False,0.14060140271907984
6,0.539383616451501,9.0,10,0.0,0.1810585098478653,14755.427662653778,14755.427662653778,186,1,3.0962566844919786,25,9,0.2452504317789292,"93,9,142,58,54,32,14,69,48,60",False,False,0.16105850984786532
6,0.539383616451501,9.0,10,0.25,0.18059860521517146,14749.667317408892,14793.667317408892,176,1,3.2711864406779663,25,9,0.24179620034542315,"95,9,140,57,54,31,14,71,47,61",False,False,0.16059860521517147
6,0.539383616451501,9.0,10,0.5,0.18059860521517146,14749.667317408892,14837.667317408892,176,1,3.2711864406779663,25,9,0.24179620034542315,"95,9,140,57,54,31,14,71,47,61",False,False,0.16059860521517147
6,0.539383616451501,9.0,10,1.0,0.18070733730149244,14749.671180225943,14923.671180225943,174,1,3.3085714285714287,25,9,0.24179620034542315,"95,9,140,58,54,31,14,71,46,61",False,False,0.16070733730149245
6,0.539383616451501,9.0,10,2.0,0.17873317087997811,14772.096505529267,15078.096505529267,153,1,3.75974025974026,25,10,0.2469775474956822,"78,62,143,48,63,72,10,14,39,50",False,False,0.15873317087997812
6,0.539383616451501,9.0,10,4.0,0.1873321870633215,14832.08620981749,15340.08620981749,127,1,4.5234375,28,6,0.3022452504317789,"72,88,175,44,14,6,56,42,40,42",False,False,0.1673321870633215
6,0.539383616451501,9.0,10,8.0,0.183025141747692,14935.729388849893,15775.729388849893,105,1,5.462264150943396,45,6,0.307426597582038,"72,86,178,42,14,6,57,39,43,42",False,False,0.163025141747692
6,0.539383616451501,9.0,10,16.0,0.18627060308814597,15004.24721491505,16140.24721491505,71,1,8.041666666666666,27,6,0.2918825561312608,"169,45,56,93,40,14,47,73,6,36",False,False,0.16627060308814598
6,0.539383616451501,9.0,10,32.0,0.1751888635813858,15527.052543722853,17127.052543722853,50,1,11.352941176470589,41,5,0.30397236614853196,"176,46,45,94,42,14,52,72,5,33",False,False,0.1551888635813858
6,0.539383616451501,9.0,10,64.0,0.15392741130803433,16218.874056144216,18330.874056144217,33,4,17.029411764705884,60,5,0.3143350604490501,"182,40,42,91,41,14,45,90,5,29",False,False,0.13392741130803434
