week_end,news_finbert_compound_spy,news_finbert_compound_tlt,news_finbert_compound_gld,news_finbert_compound_vix,news_finbert_compound_tnx
2014-01-03,0.6514602676033974,0.2139296252280473,-0.9402334131300448,0.076908222399652,-0.3743375241756439
2014-01-10,0.0048596858978271,-0.9217987274751068,0.6860801354050636,-0.0293119400739669,0.8536231834441423
2014-01-17,0.0645779594779014,0.6350328149273992,-0.0213708914816379,0.3283890150487423,-0.4700033590197563
2014-01-24,-0.0584396533668041,0.0434346497058868,-0.025976788252592,0.0677509382367134,0.0434346497058868
2014-01-31,-0.806909766048193,-0.6959959492087364,-0.6046222150325775,0.3178885877132416,0.0050666891038417
2014-02-07,-0.914881121367216,0.9221965968608856,-0.5755981747061014,0.0209819450974464,0.0455495379865169
2014-02-14,0.5360371023416519,0.4204043075442314,-0.7428931891918182,-0.0459805577993392,0.400163184851408
2014-02-21,-0.0076815336942672,0.8915712470188737,0.0560289919376373,-0.3314309455454349,-0.0251427590847015
2014-02-28,0.189018553122878,0.0258456394076347,0.0037498772144317,0.0448658168315887,0.2173033356666565
2014-03-07,-0.9364890521392226,-0.1491609811782837,0.0145747847855091,-0.9282395951449872,-0.0095954351127147
2014-03-14,0.4840076668187976,-0.8471256494522095,-0.0250951889902353,-0.0173978880047798,-0.0064223781228065
2014-03-21,-0.2523519061505794,-0.0054232515394687,0.2092249877750873,0.0006897896528244,-0.917500365525484
2014-03-28,-0.8145607449114323,-0.0724869556725025,0.0202106200158596,0.1181866526603698,-0.0724869556725025
2014-04-04,-0.6958156079053879,0.0117829665541648,-0.0202254056930542,0.8290247842669487,0.1061766166239976
2014-04-11,-0.1431385800242424,-0.4709651991724968,-0.0556844845414161,-0.1431385800242424,-0.0547096766531467
2014-04-18,0.9166210424154996,0.0632738582789897,-0.9302309174090624,-0.2891339175403118,0.0632739569991827
2014-04-25,-0.3149349763989448,0.8573981896042824,-0.967492270283401,0.0545151382684707,0.857398048043251
2014-05-02,-0.6765719689428806,-0.0572998076677322,-0.008093224838376,-0.7493595257401466,-0.057300005108118
2014-05-09,0.0760008618235588,-0.0759772956371307,0.1006635129451751,0.0182152576744556,-0.0759775191545486
2014-05-16,0.8626899756491184,-0.0408820305019617,-0.0674406662583351,-0.1467282213270664,-0.0408819410949945
2014-05-23,0.0859959777444601,0.2990885907784104,-0.8971089590340853,0.1208890974521637,-0.5461815446615219
2014-05-30,0.0704409927129745,-0.9348100908100604,-0.5716416332870722,0.0704409927129745,-0.9348101057112216
2014-06-06,0.1770207351073622,-0.921110451221466,-0.1037445254623889,-0.0869605988264083,-0.921110464259982
2014-06-13,0.6420937152579427,0.0150650069117546,0.5341831082478166,-0.0002431608736515,0.0150649826973676
2014-06-20,-0.0339311771094799,0.5890291640534997,0.8154331669211388,-0.1652034800499677,-0.0661731325089931
2014-06-27,0.0231530554592609,0.2533564493060112,-0.9406419806182384,0.289378248155117,-0.5725262425839901
2014-07-04,-0.1436591818928718,0.002466931939125,-0.742948442697525,-0.2050873637199401,0.7879300732165575
2014-07-11,0.024327103048563,0.122721130028367,0.8952818904072046,0.0286663267761468,0.1227210843935608
2014-07-18,0.0535274818539619,0.5511650890111923,0.0362685099244117,-0.1056291945278644,0.3607120625674724
2014-07-25,0.0173044744879007,-0.8798656295984983,-0.9125408865511416,0.0356316827237606,-0.8798655923455954
2014-08-01,-0.3561256863176822,0.0161475501954555,-0.4146965444087982,-0.9434796581044792,-0.0404415428638458
2014-08-08,0.0213823858648538,0.1994110159575939,-0.4587467461824417,0.479604966007173,0.2328715678304433
2014-08-15,0.6417025625705719,-0.914573572576046,0.1836487129330635,-0.0041616074740886,-0.9145731274038552
2014-08-22,-0.6958156079053879,0.0344823040068149,-0.443645566701889,0.7551899217069149,-0.3499381840229034
2014-08-29,0.0060650054365396,-0.1119860112667083,-0.5427314937114716,0.0412805723026394,0.0333907231688499
2014-09-05,0.1007368480786681,-0.9561919877305628,-0.1011646762490272,0.0522402133792638,0.0295298174023628
2014-09-12,-0.8728667926043272,-0.2018109802156686,-0.945189580321312,-0.0280904956161975,-0.2018111795186996
2014-09-19,0.2240785779431462,0.0074038952589035,-0.8592992275953293,-0.0747587531805038,-0.1106028370559215
2014-09-26,-0.5653594247996807,0.0276331659406423,-0.0062214620411396,0.010030148550868,0.9245184361934662
2014-10-03,0.0045012086629867,-0.2949450761079788,-0.8249182216823101,0.1307577863335609,-0.056037351489067
2014-10-10,-0.6303745806217194,-0.4745644703507423,0.7194755524396896,-0.017730988562107,-0.0982976257801055
2014-10-17,-0.0228769443929195,-0.9433395378291608,0.9104434102773666,0.5795188248157501,-0.9498200826346874
2014-10-24,-0.0218054447323083,-0.0412560869008302,-0.0574215650558471,-0.3043736778199672,-0.1653566006571054
2014-10-31,-0.0313879586756229,-0.0101080648601055,-0.0320467706769704,0.0391857661306858,-0.4046909809112549
2014-11-07,0.0162351634353399,0.355530908331275,-0.3947118669748306,0.6128571648150682,-0.0996879376471042
2014-11-14,-0.443287193775177,-0.0885982513427734,-0.0710478127002716,0.0231017246842384,-0.0885982513427734
2014-11-21,0.2278742864727974,-0.8207352347671986,-0.9628192884847522,0.072949718683958,-0.8207352347671986
2014-11-28,0.3872694652527571,-0.8947576060891151,-0.5060668401420116,0.1562490835785865,-0.8947576060891151
2014-12-05,0.049280434846878,-0.0089684054255485,-0.134289214387536,0.0233083870261907,-0.0089684054255485
2014-12-12,-0.922192133963108,-0.4088838994503021,-0.0345691237598657,-0.4270408600568771,-0.8531128540635109
2014-12-19,-0.0047061443328857,-0.9272034568712116,0.1408201120793819,-0.1220718771219253,-0.9272034270688893
2014-12-26,-0.1743365861475467,0.4446109812706709,-0.0678152218461036,0.7366001848131418,0.2030252730473876
2015-01-02,-0.621598944067955,0.5852380879223347,0.5455528013408184,-0.948498466052115,0.5852383878082037
2015-01-09,0.0323022007942199,0.0317363664507865,-0.9430523244664072,-0.9583367025479674,-0.0101662911474704
2015-01-16,0.7291847821325064,-0.954865699633956,-0.5576900318264961,0.009471645578742,-0.0736113227903842
2015-01-23,0.3753417283296585,0.0270241796970367,-0.6755173616111279,0.2781374640762806,-0.1404405236244201
2015-01-30,0.1266017649322748,0.0383511185646057,-0.0264628380537033,0.5145979262888432,0.0383511744439601
2015-02-06,-0.0081436969339847,0.1887893909588456,-0.9535661153495312,-0.0147340521216392,0.1124816117808222
2015-02-13,0.9218404572457076,-0.9429396903142332,-0.0288737975060939,-0.125201404094696,-0.9429396791383624
2015-02-20,-0.3246309831738472,0.2110700011253357,-0.1069045588374137,0.6856181174516678,0.2110692113637924
2015-02-27,-0.1787202693521976,-0.7590769585222006,-0.7419056948274374,-0.4429448246955871,-0.0080989561975002
2015-03-06,-0.0948966890573501,-0.4692208506166935,-0.8256175294518471,0.1408807514235377,-0.2295796647667884
2015-03-13,-0.0089559257030487,0.3548975377343595,0.6036638915538788,-0.0032086223363876,-0.4047843925654888
2015-03-20,-0.0053215622901916,-0.4671707171946764,-0.0007550567388534,0.0208133682608604,0.0135508924722671
2015-03-27,-0.6032002344727516,-0.0102335736155509,-0.3175659328699112,0.0406908579170703,-0.0102335847914218
2015-04-03,-0.1174022927880287,-0.634161252528429,-0.9548466075211764,-0.0464561339467763,-0.5216425824910402
2015-04-10,-0.0026791766285896,-0.5006195716559887,0.1177902054041624,-0.3931783139705658,-0.2955145072191953
2015-04-17,0.0135536305606365,-0.0989556908607482,0.5953836888074875,-0.8202793188393116,-0.0989557653665542
2015-04-24,0.03405287489295,0.0362053588032722,-0.9602968050166965,-0.8302248083055019,0.0362053662538528
2015-05-01,0.0612241178750991,0.2792175523936748,-0.0567650850862264,0.1077329311519861,0.2792176753282547
2015-05-08,0.0520281642675399,-0.0363799594342708,-0.6125175952911377,0.8865746036171913,-0.0055246129631996
2015-05-15,-0.7290485929697752,0.0428257435560226,-0.0068369172513484,-0.0481470339000225,0.0428257435560226
2015-05-22,0.0435275584459304,-0.5216432753950357,0.1258738841861486,-0.0551849864423275,-0.5216425824910402
2015-05-29,-0.0843434110283851,-0.0074953306466341,0.1408417038619518,-0.416911881417036,-0.0074952933937311
2015-06-05,-0.2528895363211632,-0.7451667673885822,0.1099503319710493,-0.0370279550552368,-0.7451668418943882
2015-06-12,-0.0155276581645011,-0.7751026377081871,0.5761917680501938,0.0377128347754478,0.0135110020637512
2015-06-19,-0.0022550821304321,0.7096251025795937,-0.0222508385777473,0.814604002982378,0.7096251025795937
2015-06-26,-0.166048901155591,-0.7283543422818184,0.0675851413980126,0.0029261708259582,0.1674134526401758
2015-07-03,-0.0040555726736783,0.0144937764853239,-0.3411486074328422,0.285594642162323,0.0144937876611948
2015-07-10,-0.2607906721532345,-0.0694152973592281,-0.0129992254078388,-0.1180148310959339,-0.0694156400859355
2015-07-17,0.0734077710658311,-0.7629088163375854,0.0240256711840629,0.1376583203673362,-0.7629079222679138
2015-07-24,-0.4003580324351787,0.3505705967545509,-0.8645619936287403,-0.0023630931973457,0.063347547315061
2015-07-31,-0.0041464902460575,-0.1280640438199043,0.0054495446383953,-0.9446235932409764,-0.1280640438199043
2015-08-07,-0.0843572318553924,-0.6597702857106924,-0.2395799309015274,-0.0084498971700668,-0.6597702857106924
2015-08-14,0.073653943836689,-0.0156679451465606,-0.845870815217495,-0.0107963345944881,-0.0156679451465606
2015-08-21,0.1095118820667266,0.1205459255725145,-0.2016926184296608,-0.9245504289865494,0.1205459255725145
2015-08-28,-0.1035928688943386,0.0274000223726034,-0.5327949970960617,-0.0081382691860198,0.0274000223726034
2015-09-04,-0.8219837713986635,-0.4352308213710785,0.1572821214795112,-0.100489255040884,-0.4352308213710785
2015-09-11,-0.0179316718131303,0.0464037545025348,-0.936561736278236,-0.8510587699711323,-0.5100662112236023
2015-09-18,-0.424205157905817,0.0573483482003212,0.6465985365211964,0.0438176430761814,0.0573483482003212
2015-09-25,0.1208822876214981,0.0408630520105361,-0.930182073265314,0.5613803267478943,0.0408630520105361
2015-10-02,0.0239282771944999,0.8171020001173019,-0.8662488162517548,-0.0580834224820137,-0.2960483282804489
2015-10-09,-0.1290654055774212,-0.037721186876297,-0.8878437764942646,-0.1114972829818725,-0.0019804835319519
2015-10-16,0.0438499078154563,0.0553249474614858,0.1254976466298103,-0.0008835941553115,-0.7654752843081951
2015-10-23,0.0034351497888565,-0.2657781653106212,0.0105934590101242,-0.0082644075155258,-0.2657781653106212
2015-10-30,-0.0429959297180175,0.0252533853054046,-0.8639266677200794,0.0368085782974958,0.0252533853054046
2015-11-06,-0.1755708996206522,-0.8663920853286982,-0.9486942915245892,-0.1684226393699646,-0.3564780093729496
2015-11-13,0.0820681741461157,-0.2716464456170797,-0.9312816709280014,0.0524045340716838,-0.2716464456170797
2015-11-20,-0.8671708516776562,0.050863079726696,0.9235172532498837,0.0022887997329235,0.1083637624979019
2015-11-27,0.0857712402939796,-0.303260438144207,0.6405261904001236,0.0136240273714065,-0.303260438144207
2015-12-04,0.0092874635010957,-0.5434875041246414,-0.0187682658433914,0.0494050532579422,-0.0288866981863975
2015-12-11,-0.1273805871605873,0.0209650360047817,0.540777962654829,-0.1481932401657104,0.0508968699723482
2015-12-18,0.5270855501294136,0.2793768532574177,-0.0131276901811361,0.0477579981088638,0.0209785662591457
2015-12-25,-0.0047186873853206,-0.234037309885025,-0.9405571110546588,0.0557277835905551,-0.234037309885025
2016-01-01,-0.9301647320389748,0.0800913013517856,-0.5033492147922516,-0.0592984072864055,0.0800913013517856
2016-01-08,-0.0255819130688905,-0.6010140925645828,-0.9248152207583188,0.149071354418993,-0.6010140925645828
2016-01-15,-0.4900382962077856,-0.0782664120197296,0.2450291514396667,-0.9413426602259278,0.1130134910345077
2016-01-22,-0.5565079227089882,0.8984676133841276,0.3637696057558059,0.0077783837914466,0.0466075837612152
2016-01-29,-0.2596788760274648,0.6307411044836044,-0.0222981926053762,0.0270911157131195,-0.7913204021751881
2016-02-05,0.0978849809616804,-0.3810498155653476,0.8513375669717789,-0.0152244493365287,-0.3810499794781208
2016-02-12,-0.030690774321556,-0.6426088139414787,0.0215173792093992,0.8007584623992443,-0.6426084265112877
2016-02-19,0.0030185505747795,-0.7488816920667887,0.8948999550193548,-0.762384120374918,-0.93859086278826
2016-02-26,-0.162554133683443,-0.9304796801880002,0.8685041656717658,0.8178185159340501,-0.4206524342298507
2016-03-04,-0.1236672531813383,-0.5004694648087025,-0.933499526232481,0.4365961253643036,0.1564788222312927
2016-03-11,-0.0687175951898098,-0.9519297340884804,-0.8580705858767033,-0.0539454072713851,-0.5151199586689472
2016-03-18,0.0491241794079542,0.1001703925430774,-0.9050548430532216,0.0135760568082332,-0.2838248144835233
2016-03-25,-0.4959669951349497,0.8978644274175167,-0.917093163356185,-0.019689068198204,0.8978643082082272
2016-04-01,-0.0021136403083801,-0.9324639402329922,0.92061217315495,-0.0210417509078979,0.1874786373227834
2016-04-08,-0.1421795487403869,0.0160998441278934,0.0515518523752689,0.0163460709154605,0.0219257157295942
2016-04-15,-0.0291311033070087,0.2718385308980942,0.1219282951205968,-0.0006821863353252,0.0025080926716327
2016-04-22,0.0242684781551361,0.8015461042523384,0.0240921694785356,-0.6042063683271408,-0.0508733093738555
2016-04-29,0.0039135999977588,0.0692003527656197,0.0062429197132587,0.1117825387045741,-0.0221098661422729
2016-05-06,-0.0412679798901081,0.2846786370500922,0.7250181045383215,-0.0412679873406887,-0.9503138735890388
2016-05-13,0.0853939857333898,0.0280228462070226,-0.7670368663966656,0.0294300131499767,-0.9619170846417546
2016-05-20,0.0203788056969642,-0.9578777747228742,0.0203787982463836,-0.7467561885714531,-0.9578777747228742
2016-05-27,0.0066467709839344,0.0645194351673126,-0.8258066326379776,-0.8317208215594292,-0.3575975410640239
2016-06-03,-0.0040604621171951,0.0962494304403662,0.1133431643247604,-0.6857180260121822,-0.4265024326741695
2016-06-10,-0.211802115663886,-0.9587018098682164,0.5071170181035995,0.0881989952176809,-0.9587018098682164
2016-06-17,0.0189828481525182,-0.8613153547048569,0.0480158906430006,-0.0009441561996936,0.1524710729718208
2016-06-24,-0.932210492901504,-0.7722643092274666,-0.8478543348610401,0.0190074145793914,-0.7722643092274666
2016-07-01,-0.0014651305973529,-0.0056809671223163,-0.1049529910087585,-0.0230563692748546,-0.0056809671223163
2016-07-08,-0.8332071825861931,-0.7294758837670088,-0.8872536532580853,-0.9316573888063432,-0.7294758837670088
2016-07-15,0.6796132475137711,-0.1265195608139038,-0.0156436339020729,-0.165761511772871,0.1568254204466939
2016-07-22,-0.0309017729014158,0.0745029188692569,-0.9447095803916454,-0.3835966438055038,0.0745029188692569
2016-07-29,-0.4857587218284607,-0.113709170371294,0.1675582379102707,0.124136658385396,-0.186892032623291
2016-08-05,-0.0572837181389331,-0.926462460309267,0.0414971858263015,0.0157046001404523,-0.7892837300896645
2016-08-12,-0.175639096647501,0.038494948297739,-0.0471748225390911,-0.0334840230643749,0.038494948297739
2016-08-19,-0.0535123795270919,0.0262324512004852,-0.0308740139007568,0.1032401090487837,0.0227667670696973
2016-08-26,0.0162408612668514,-0.4334668964147568,0.0438529253005981,0.0082231685519218,0.1943029295653104
2016-09-02,0.0300658196210861,0.8409454561769962,0.0368747878819704,-0.0407764092087745,0.0539022870361804
2016-09-09,-0.9468701854348184,-0.6264025382697582,0.0368747878819704,-0.3216648548841476,-0.6264026500284672
2016-09-16,-0.0152380913496017,-0.8422619812190533,0.1706998124718666,-0.1672328636050224,-0.8422619681805372
2016-09-23,-0.2572062760591507,-0.6844277307391167,0.0621045976877212,0.4328309148550033,0.0472285971045494
2016-09-30,0.0276790633797645,-0.0565235260874033,0.4880070202052593,0.8394097052514553,-0.0565235409885644
2016-10-07,0.0483715683221817,0.0217183679342269,-0.9491635374724864,-0.0063437037169933,-0.931237580254674
2016-10-14,0.0150810834020376,0.0238693971186876,-0.0020615570247173,-0.8960598530247808,-0.5033814534544945
2016-10-21,-0.3319204226136207,0.5083787515759468,0.212069384753704,-0.0064102597534656,0.0114021673798561
2016-10-28,0.2679284140467644,0.8366557210683823,-0.8413180112838745,-0.7712546773254871,-0.0770917423069477
2016-11-04,0.058402681723237,-0.007843192666769,0.9307665042579174,0.2201351197436452,-0.0078431479632854
2016-11-11,-0.5856732483953238,-0.9058536998927592,-0.3903075456619262,-0.8266377337276936,-0.9058536905795336
2016-11-18,0.0751877855509519,-0.1390924751758575,-0.9635793454945089,0.0450000576674938,-0.1390923857688903
2016-11-25,-0.94204618409276,-0.6938454061746597,-0.0177124198526144,0.8442335836589336,-0.0699960179626941
2016-12-02,0.0205475986003875,-0.9012681823223828,-0.0366724133491516,-0.9167231637984514,-0.0870103389024734
2016-12-09,-0.0594275631010532,0.9253720957785844,0.1831821352243423,0.1329893432557582,-0.4885638635605573
2016-12-16,-0.1071689836680889,0.050630010664463,0.0121594443917274,-0.0037271194159984,-0.0315542109310627
2016-12-23,0.0197696834802627,-0.6139810532331467,0.1681922376155853,-0.8174083177000284,-0.6139827743172646
2016-12-30,0.0539452526718378,-0.0410485565662384,0.3943791016936302,0.7092150300741196,-0.0410487353801727
2017-01-06,0.0081446021795272,-0.7189525254070759,-0.1602693200111389,0.6408583670854568,-0.0836276374757289
2017-01-13,-0.0385477934032678,0.3466547774150967,-0.7033932730555534,0.0596577543765306,-0.0618840157985687
2017-01-20,0.0047135297209024,-0.9387676911428572,-0.0470739975571632,0.1582508590072393,0.2740719094872474
2017-01-27,0.0218074489384889,0.1994658261537552,-0.0278018042445182,-0.749471127986908,-0.1111998409032821
2017-02-03,0.1249290779232978,0.784198947250843,0.0884250421077013,-0.2425384074449539,-0.0129795484244823
2017-02-10,-0.1824646070599556,-0.0231826324015855,-0.7369896974414587,-0.154964905232191,-0.0153364315629005
2017-02-17,-0.1600231081247329,0.827355207875371,0.1395189352333545,0.00783197209239,-0.4464329555630684
2017-02-24,-0.003686036914587,-0.8508617393672466,-0.6322928965091705,-0.1637747660279274,-0.4441258050501346
2017-03-03,0.0174139216542243,0.0412351414561271,0.8761192373931408,-0.1687773913145065,-0.0324313882738351
2017-03-10,-0.0894157867878675,-0.0138760842382907,0.0722850505262613,-0.0581525042653083,0.0361653696745634
2017-03-17,-0.8648995347321033,0.0166011080145835,-0.9316394114866852,0.0833835564553737,0.0166011098772287
2017-03-24,0.864020150154829,0.0117733925580978,-0.9270478282123804,-0.1432949267327785,0.0117733478546142
2017-03-31,-0.0147208049893379,-0.364787470549345,-0.0421226862818002,-0.1414676792919635,-0.1919223107397556
2017-04-07,-0.0019393302500247,0.0038654506206512,0.4573628380894661,0.1636117622256279,0.0038646757602691
2017-04-14,-0.7505829259753227,-0.6094335950911045,-0.0014073811471462,0.0058404877781867,0.67529800767079
2017-04-21,-0.1639960706233978,-0.0214859507977962,-0.9534196453168988,-0.591305997222662,-0.0214858092367649
2017-04-28,0.0110808014869689,-0.1758876591920852,0.8949182778596878,0.0634735133498907,-0.1758872121572494
2017-05-05,0.8291257843375206,0.0140767246484756,-0.1626362167298793,-0.3115283120423555,-0.0180906355381011
2017-05-12,-0.0484180524945259,-0.0198189839720726,-0.0416502468287944,-0.01742734760046,-0.9292404484003782
2017-05-19,-0.9543848233297468,-0.0012091547250747,-0.030707174912095,-0.6029556654393673,-0.8995962012559175
2017-05-26,0.0061557050794363,-0.6413595043122768,0.0607312582433223,0.0081840306520462,-0.6413599848747253
2017-06-02,-0.2597241047769785,0.0384352793917059,-0.0416502468287944,-0.1366382297128439,0.0384352793917059
2017-06-09,-0.6887394040822983,0.4486058354377746,-0.6532077044248581,0.1548577435314655,0.4486058354377746
2017-06-16,-0.9114622212946416,-0.4192832112312317,-0.92978126835078,0.009780965745449,-0.394907709211111
2017-06-23,-0.1898095924407243,-0.1775691509246826,-0.177567720413208,0.0137345604598522,-0.1775691509246826
2017-06-30,-0.8663553260266781,0.1840303614735603,-0.909832924604416,0.1853221412748098,-0.1364974081516266
2017-07-07,0.1627438440918922,0.0002812035381793,0.0947376675903797,0.0149892978370189,0.0002812035381793
2017-07-14,-0.1112209670245647,-0.0059750080108642,0.2177738016471266,0.0198198854923248,0.0087244883179664
2017-07-21,0.0553978774696588,0.7019194439053535,0.8353723958134651,0.0932145826518535,-0.0480257291346788
2017-07-28,-0.2415338084101677,0.0077643860131502,0.5903638154268265,-0.9388646855950356,0.6050495728850365
2017-08-04,-0.2285290956497192,-0.8947787564247847,-0.4569009840488434,0.0064987018704414,0.0571775697171688
2017-08-11,-0.1150521300733089,0.0001425631344318,0.0076996050775051,0.0102718360722064,0.0001425631344318
2017-08-18,-0.1898095924407243,-0.0222282074391841,-0.0220947191119194,-0.0402011759579181,-0.747233934700489
2017-08-25,0.0453743785619735,0.0515281558036804,0.0201739538460969,0.07355397939682,0.0515281558036804
2017-09-01,-0.0068220645189285,-0.3962850868701935,-0.6507262364029884,0.0002519339323043,0.0764825893566012
2017-09-08,-0.076219217851758,0.0946240127086639,-0.4575662612915039,0.0182759463787078,0.0946240127086639
2017-09-15,-0.1898095794022083,-0.9403815306723118,-0.8952572606503963,-0.6386352144181728,-0.9403815306723118
2017-09-22,-0.3935604766011238,-0.0436334162950515,-0.937750088982284,-0.1420570611953735,-0.261640515178442
2017-09-29,0.0225717518478631,-0.6821617111563683,-0.7049748003482819,0.0859217494726181,-0.6821617111563683
2017-10-06,-0.8376096040010452,-0.3476598262786865,0.900963120162487,0.1412696950137615,-0.5658025704324245
2017-10-13,-0.002535842359066,-0.5541462302207947,-0.9569745240733027,-0.9336069580167532,-0.1251807101070881
2017-10-20,-0.1331385839730501,-0.7374782748520374,-0.4206310212612152,0.0095615610480308,-0.7374782748520374
2017-10-27,0.0483842408284544,-0.9452965278178452,0.0316049549728632,0.0668576844036579,-0.0023585781455039
2017-11-03,0.1925450693815946,-0.8536228090524673,-0.2090850323438644,-0.4519201666116714,-0.0259824488312006
2017-11-10,0.9096959307789804,-0.5334652736783028,-0.7804392874240875,0.6483073094859719,-0.5334652736783028
2017-11-17,0.0203193686902523,-0.6100848503410816,-0.8412271849811077,-0.3470191545784473,-0.6100848503410816
2017-11-24,0.0111619122326374,-0.8947980403900146,-0.1658368110656738,0.0633790493011474,-0.8947980403900146
2017-12-01,-0.5172823406755924,0.920640205964446,-0.6003784239292145,-0.0291199088096618,0.9206401938572526
2017-12-08,-0.1898095794022083,-0.7750414162874222,-0.1703461520373821,-0.006955187767744,-0.7750403955578804
2017-12-15,0.8037535231560469,0.0599864572286605,-0.4443426579236984,0.915455425158143,-0.2601236253976822
2017-12-22,0.028595395386219,-0.8319900706410408,0.0675316806882619,-0.9586622780188918,-0.8319902010262012
2017-12-29,-0.0946016069501638,-0.1061469763517379,0.8630606085062027,-0.9366908837109804,-0.1061439216136932
2018-01-05,0.0519580356776714,0.3149930741637945,-0.5283200591802597,0.0247751213610172,-0.941679885610938
2018-01-12,0.0078242700546979,0.3402595892548561,0.751605112105608,-0.0599578768014907,-0.1862398982048034
2018-01-19,-0.911205886863172,-0.9297528974711896,0.8754687830805779,0.0384495826438069,-0.8645190969109535
2018-01-26,-0.8048157524317503,-0.9542438723146917,0.5957086011767387,-0.2882115244865417,-0.9542438657954336
2018-02-02,0.0381688214838504,0.6979502718895674,-0.0280500873923301,-0.0127575490623712,0.6979506891220808
2018-02-09,-0.2713873796164989,-0.9015500433743,-0.0592984072864055,-0.1876953691244125,-0.628959447145462
2018-02-16,-0.1073441039770841,-0.5671748071908951,-0.6399255394935608,-0.6470829658210278,-0.5671738684177399
2018-02-23,-0.3011591676622629,-0.0182877928018569,0.6761355251073837,-0.8558684848248959,-0.0182878971099853
2018-03-02,-0.0200647823512554,-0.8433676064014435,0.1453158296644687,-0.1440750621259212,-0.2385661881417036
2018-03-09,-0.6334099657833576,-0.0256276279687881,-0.6156385987997055,0.0982588026672601,-0.2627152875065803
2018-03-16,0.3405918348580599,-0.8839231543242931,0.7757471352815628,0.8838071301579475,-0.8839232884347439
2018-03-23,-0.5193686187267303,0.1261375993490219,0.0558637753129005,-0.5193688422441483,0.1261376813054084
2018-03-30,-0.0872516557574272,-0.2192775625735521,-0.9114719778299332,0.7982899360358715,-0.0434887148439884
2018-04-06,0.2384052872657776,-0.0396167337894439,-0.376531183719635,0.0669642984867096,-0.039616972208023
2018-04-13,-0.1156045645475387,-0.8029861226677895,-0.7006968110799789,-0.1592827700078487,0.2062358241528272
2018-04-20,-0.0410328675061464,0.8734180517494678,0.7915366739034653,0.4158544912934303,0.0972550213336944
2018-04-27,-0.5423713102936745,0.0444450713694095,0.6833018660545349,0.0635302662849426,0.8715325482189655
2018-05-04,0.6643396727740765,0.136329784989357,-0.2745901048183441,-0.0072316825389862,-0.8472502212971449
2018-05-11,-0.8184025697410107,0.771592415869236,-0.6548957824707031,-0.9481158182024956,0.1553129255771637
2018-05-18,-0.0125193987041711,0.826135091483593,-0.9049353497102856,0.0259512513875961,0.826135091483593
2018-05-25,-0.0019770823419094,-0.8384705521166325,-0.9290761481970548,0.0290909223258495,-0.1516276374459266
2018-06-01,-0.0036282837390899,-0.9420788595452904,0.040999099612236,-0.8724684342741966,-0.9420788595452904
2018-06-08,-0.0381629802286624,0.201422780752182,0.0732220085337758,0.0588368475437164,0.865456260740757
2018-06-15,0.0308905690908432,0.0548549890518188,-0.0001558326184749,-0.7417882457375526,0.0548549890518188
2018-06-22,-0.1171993836760521,-0.5800354611128569,-0.9369210172444582,-0.0253026634454727,0.4334180131554603
2018-06-29,-0.5630686022341251,0.0145086012780666,0.8367440029978752,0.0140115357935428,0.0145086012780666
2018-07-06,-0.1898094210773706,-0.7967844679951668,-0.9525652369484304,0.0478707626461982,0.0037015378475189
2018-07-13,0.0084101408720016,-0.8623308278620243,0.8367440029978752,-0.0790140852332115,-0.398822009563446
2018-07-20,-0.1898094210773706,0.0030421763658523,-0.0270176958292722,0.7805096581578255,0.0030421763658523
2018-07-27,-0.1898094210773706,-0.6381409913301468,0.3990068137645721,-0.761310838162899,-0.6381409913301468
2018-08-03,-0.1950462535023689,-0.9514539260417224,-0.1814483106136322,0.0270703919231891,-0.5270623862743378
2018-08-10,-0.7435235772281885,0.0974506437778472,0.1411171108484268,0.8667431212961674,0.0974506437778472
2018-08-17,-0.0832572914659977,-0.2141667157411575,-0.9678489533253014,0.0711580198258161,-0.2141667157411575
2018-08-24,-0.0273735113441944,-0.0073752999305725,0.8367440029978752,-0.0011303089559078,-0.0073752999305725
2018-08-31,0.0133307389914989,-0.3368884325027466,-0.6134272664785385,-0.8910875720903277,-0.3368884325027466
2018-09-07,-0.930150688625872,0.0278804302215576,0.8367440029978752,-0.0895830802619457,-0.0204062834382057
2018-09-14,-0.513958603143692,0.1126157864928245,-0.4839871376752853,0.7093436662107706,0.0535853076726198
2018-09-21,-0.1018158942461013,0.3498825803399086,0.0186576843261718,-0.9611972430720924,0.0264665931463241
2018-09-28,-0.1898095924407243,-0.6852156594395638,-0.9572429982945324,-0.9378768457099796,-0.3600738160312176
2018-10-05,-0.8659899421036243,0.5868218429386616,-0.7643777839839458,-0.7021294943988323,-0.0757819265127182
2018-10-12,-0.7088926509022713,-0.8922782577574253,0.1227894742041826,0.4943948183208704,-0.8922782577574253
2018-10-19,0.8741945903748274,-0.0447220243513584,0.8723006285727024,-0.104768730700016,0.0111919902265071
2018-10-26,0.1026788055896759,-0.1152945756912231,0.1114855837076902,-0.0034754369407892,-0.1152945756912231
2018-11-02,-0.1803775802254676,-0.9446506416425108,-0.0254623815417289,0.6558806765824556,-0.9446506416425108
2018-11-09,-0.0142938271164894,0.6095742285251617,-0.8892320562154055,-0.3792676627635956,-0.9516244595870376
2018-11-16,0.0514626260846853,-0.4721172880381346,0.8367440029978752,0.0488951951265335,-0.4721172749996185
2018-11-23,-0.0343751367181539,0.1150678545236587,0.4595171399414539,0.0844672247767448,-0.9264463484287262
2018-11-30,-0.8691025152802467,0.2459288202226162,-0.8469870761036873,0.1962469927966594,0.1909130066633224
2018-12-07,0.3828294053673744,-0.9244611598551272,0.1186009757220745,-0.0906597971916198,-0.9244610220193864
2018-12-14,-0.3585672378540039,-0.5925740823149681,-0.5820819735527039,-0.8696206212043762,-0.8700993843376637
2018-12-21,-0.1096665002405643,-0.4099564403295517,0.841176088899374,0.039593506604433,-0.4099557101726532
2018-12-28,-0.2811895571649074,-0.7324414625763893,0.1630699075758457,0.1911284327507019,-0.7324414569884539
2019-01-04,-0.1477117594331503,-0.9454313954338432,0.0321395434439182,-0.436831384897232,-0.9454314103350044
2019-01-11,0.6966272667050362,-0.0068615619093179,0.8367440029978752,0.0016707740724086,-0.711670458316803
2019-01-18,0.4461200078949332,-0.1185888517647981,-0.8379850462079048,-0.8169932328164577,0.0487150475382804
2019-01-25,-0.4645195677876472,-0.5837938971817493,0.0166978146880865,-0.7113289814442396,-0.5837938375771046
2019-02-01,0.2809751629829407,0.0091286860406398,-0.0844093523919582,-0.0809667743742466,-0.947306027635932
2019-02-08,-0.679709255695343,0.2596617341041565,0.2587550580501556,-0.6797093451023102,0.2596615850925445
2019-02-15,-0.933876521885395,-0.4281374663114548,0.0146838426589965,0.0001073852181434,-0.4281375110149383
2019-02-22,0.0249824468046426,0.144630691036582,0.3800762668251991,0.6387002766132355,0.9248764887452126
2019-03-01,-0.4172898344695568,-0.0209181830286979,0.0201394855976104,-0.4384538643062114,-0.0209181830286979
2019-03-08,0.9017930999398232,-0.022133644670248,-0.8712664768099785,0.0095219891518354,-0.022133644670248
2019-03-15,0.8583386689424515,0.0888852104544639,-0.8539323844015598,0.1032414585351944,0.0888852104544639
2019-03-22,0.0692872693762183,-0.9385593784973024,-0.0261737518012523,0.1145309880375862,0.1342761814594268
2019-03-29,0.0106339082121849,-0.2013201564550399,-0.916382098570466,0.0164427310228347,-0.2533528953790664
2019-04-05,0.0300698690116405,-0.5739735960960388,0.7325729206204414,0.1750517254695296,-0.5739732384681702
2019-04-12,-0.9478593552485108,0.3506793547421694,-0.0110764876008033,-0.9478593394160272,-0.3159815054386854
2019-04-19,-0.9496469078585504,0.0225000511854887,-0.0700199417769908,-0.3940145745873451,0.0689329039305448
2019-04-26,-0.6148608401417732,-0.7196700386703014,0.5357771692797542,-0.428234850987792,-0.7196702212095261
2019-05-03,-0.9422277975827456,0.92116984911263,-0.0652342140674591,0.4767986685037613,-0.8747726939618587
2019-05-10,-0.4241674616932869,-0.1098930947482585,-0.0819178503006696,-0.8467236161231995,-0.7685676962137222
2019-05-17,-0.6551256813108921,0.0043916553258895,0.6587097942829132,0.2617025300860405,0.8892903663218021
2019-05-24,-0.1898094210773706,-0.954152294434607,-0.9638513936661184,-0.6908188536763191,-0.9541522897779942
2019-05-31,-0.7173977233469486,-0.8382432907819748,0.0790475942194461,0.9148380160331726,-0.8382431007921696
2019-06-07,-0.07570680975914,-0.0397938936948776,0.0769917117431759,-0.7651201412081718,-0.9569750428199768
2019-06-14,0.02262828592211,0.1763759152963757,0.0043891780078411,-0.2660879492759704,0.1763757998123765
2019-06-21,-0.9288557004183532,0.8498431667685509,-0.6261474937200546,0.8498430922627449,-0.0815036334097385
2019-06-28,0.0356630105525255,-0.162370529025793,-0.6564405933022499,0.0654080081731081,-0.1368593275547027
2019-07-05,0.0229190494865179,-0.0769631564617157,-0.9608243964612484,0.2749728206545114,-0.0769633054733276
2019-07-12,0.4654138833284378,-0.903952781111002,-0.7422874420881271,-0.3565330803394317,-0.9039527494460344
2019-07-19,0.0734576825052499,0.6235612630844116,-0.1729392260313034,-0.4620326124131679,-0.0105977952480316
2019-07-26,0.5943460687994957,-0.8902127481997013,-0.0063730888068675,0.1089179292321205,-0.9579719356261194
2019-08-02,0.0400703232735395,-0.7272482886910439,0.012387553229928,-0.8602103143930435,-0.7272487506270409
2019-08-09,-0.0475939698517322,-0.9552162252366544,0.1527263335883617,0.1087629431858658,-0.9660915499553084
2019-08-16,-0.6610216498374939,-0.9325354769825936,0.0206508412957191,-0.8627270329743624,-0.8943136855959892
2019-08-23,0.2314115688204765,-0.593655850738287,0.0516167338937521,-0.1456688195466995,-0.593656562268734
2019-08-30,0.5483666509389877,0.2118540108203888,0.0040142759680747,-0.4203521944582462,0.0070427246391773
2019-09-06,-0.0210346430540084,-0.2454822957515716,-0.9307343512773514,0.2629105895757675,-0.2454833388328552
2019-09-13,0.6097558587789536,0.0507855471223592,0.0133097805082798,0.0457756370306015,-0.0153207741677761
2019-09-20,0.0171637218445539,-0.8264744430780411,-0.0225778520107269,0.6345531642436981,-0.826474267989397
2019-09-27,-0.0074384417384862,-0.0637301281094551,0.0151722431182861,-0.1802323907613754,-0.8343916870653629
2019-10-04,-0.0804499201476574,-0.0126522183418273,0.6073248498141766,-0.9336003828793764,-0.0126522183418273
2019-10-11,-0.0867389850318431,0.1442919634282589,0.0088253077119588,-0.1353329941630363,-0.0195822604000568
2019-10-18,-0.1898098886013031,0.8055225275456905,-0.6334325522184372,0.201578059233725,-0.2461823970079422
2019-10-25,-0.7642387226223946,-0.9425617568194866,-0.1388155743479728,-0.5155296251177788,-0.6063493937253952
2019-11-01,0.0877232048660516,-0.9407519567757844,-0.1076462902128696,-0.9010995924472808,-0.5473838448524475
2019-11-08,-0.9552590241655708,0.4462480098009109,0.0167049132287502,-0.1921744644641876,0.4462480098009109
2019-11-15,-0.0504600256681442,0.576702743768692,-0.2063824236392974,0.0179228652268648,-0.670373160392046
2019-11-22,-0.86510444059968,0.8016345798969269,-0.0325241945683956,0.1307638064026832,0.8016341850161552
2019-11-29,0.0867328867316246,-0.4940749555826187,0.0177123248577117,-0.7133099138736725,-0.0200186725705862
2019-12-06,-0.0186994969844818,0.0460618138313293,0.9092848356813192,0.1723614791408181,0.0460617560893297
2019-12-13,0.7211787030100822,0.7125678807497025,0.0076338332146406,-0.577539537101984,0.7125690877437592
2019-12-20,0.0212298408150672,-0.6889720931649208,0.9156493488699198,-0.1426149606704712,0.6118259876966476
2019-12-27,-0.018725112080574,0.0174833759665489,0.7936974428594112,0.2502633323892951,0.1345051005482673
2020-01-03,0.2489501908421516,-0.8862788006663322,0.6508048325777054,-0.1464753895998001,-0.8862787932157516
2020-01-10,-0.3863262236118316,-0.6427949499338865,0.2344059646129608,-0.9318836703896524,-0.6427945680916309
2020-01-17,0.8285739067941904,0.0299678146839141,-0.928383531048894,-0.0257842186838388,-0.0033093057572841
2020-01-24,-0.0074460543692111,0.0013665184378623,-0.005045935511589,-0.9633365953341126,0.709032129496336
2020-01-31,-0.0777471978217363,-0.9384378902614116,0.8912254087626934,-0.809799786657095,-0.9384378902614116
2020-02-07,-0.5843141153454781,0.6578906774520874,0.6447340250015259,-0.0423619337379932,-0.1296268962323665
2020-02-14,-0.0083001647144556,-0.3175058290362358,0.0273371189832687,0.0098852179944515,-0.3175058290362358
2020-02-21,-0.8603223375976086,-0.6355858147144318,0.8722987789660692,-0.4712628573179245,-0.6355858147144318
2020-02-28,-0.956355151720345,-0.8849176429212093,0.0905762389302253,-0.0188100896775722,-0.9607885405421256
2020-03-06,-0.927387084811926,-0.9410054869949818,0.6312296390533447,-0.4090771973133087,-0.9410054795444012
2020-03-13,-0.0556791275739669,-0.9116302747279406,0.7118743397295475,-0.6420650854706764,-0.911630468443036
2020-03-20,-0.2755123786628246,0.9030103143304586,0.3917390704154968,-0.339078813791275,-0.9548525139689444
2020-03-27,0.6070299595594406,-0.957210031338036,-0.0230532940477132,0.1541222780942917,-0.8952534832060337
2020-04-03,-0.0989904701709747,-0.347362570464611,-0.8434677831828594,-0.0280960611999034,-0.3473625630140304
2020-04-10,-0.1470966339111328,0.0230738297104835,-0.4755988083779812,-0.9300431534647942,0.0230739004909992
2020-04-17,0.0569559186697006,-0.2769922465085983,0.9061948731541634,0.848337683826685,0.1790927648544311
2020-04-24,-0.0281738974153995,-0.0122043639421463,-0.863876286894083,0.8996950220316648,-0.0122040584683418
2020-05-01,-0.290983360260725,0.738156296312809,-0.6113389879465103,-0.1335950884968042,0.7381547912955284
2020-05-08,-0.9097025319933892,-0.8809114899486303,0.2015116866677999,0.5461845174431801,-0.7880152054131031
2020-05-15,-0.797334436327219,0.3583724573254585,-0.1265915185213089,0.7936270060017705,-0.7221403047442436
2020-05-22,-0.1383390352129936,0.8397980816662312,0.1449272185564041,-0.4408865552395582,-0.867720102891326
2020-05-29,-0.0290021300315856,-0.1517090797424316,0.6963652819395065,-0.0425963327288627,-0.1517082005739212
2020-06-05,-0.7864344324916601,-0.7838247567415237,-0.9501160141080618,-0.3714389204978943,-0.7838248144835234
2020-06-12,-0.020323097705841,-0.7594359312206507,-0.3387544453144073,-0.8858579434454441,0.0243783853948116
2020-06-19,0.7414033859968185,0.0118904337286949,-0.1774133443832397,-0.0345840901136398,-0.8222365397959948
2020-06-26,-0.9073009546846152,-0.6806348375976086,0.9060462825000286,0.051859937608242,-0.5204356759786606
2020-07-03,-0.8664289228618145,0.0557173024863004,0.8095207437872887,0.8264862522482872,-0.9242229722440244
2020-07-10,-0.1319310460239648,0.87243827059865,0.9170891791582108,-0.1222584545612335,0.8724381104111671
2020-07-17,-0.7117316052317619,-0.8174973279237747,0.7382227964699268,0.0347215980291366,-0.8174972683191299
2020-07-24,0.1543301474303007,0.2009504782035946,0.9217797704041004,-0.7261521946638823,0.7854563966393471
2020-07-31,0.5669747442007065,0.0323394872248172,-0.0525363311171531,0.0507858954370021,0.0323395021259784
2020-08-07,0.3356820940971374,-0.5734618157148361,0.3548605442047119,-0.013922095298767,-0.5310726538300514
2020-08-14,-0.9240322019904852,-0.4737112075090408,0.1113992687314748,-0.0711240079253912,-0.4737110584974289
2020-08-21,-0.4747024029493332,-0.2442303597927093,-0.7165499404072762,0.6034167176112533,-0.9334096498787404
2020-08-28,0.5717632602900267,-0.1408517956733703,-0.036405012011528,0.8141686469316483,-0.0649329423904419
2020-09-04,-0.6739983558654785,-0.047480896115303,-0.9289099741727114,-0.086341431364417,0.0243655629456043
2020-09-11,-0.9403490908443928,0.1236292803660035,-0.0522418320178985,-0.2665165364742279,0.1236291350796818
2020-09-18,-0.8854438122361898,-0.9146319013088942,-0.1000307723879814,-0.5121535211801529,-0.8958192188292742
2020-09-25,-0.1109460443258285,-0.9216258320957422,-0.9429880948737264,-0.910546688362956,0.8664688728749752
2020-10-02,0.0609593093395233,-0.7015977203845978,-0.4747815281152725,0.1162136252969503,0.0470892898738384
2020-10-09,0.0749224498867988,0.2869128584861755,0.1117469426244497,-0.0545735377818346,-0.7774188667535782
2020-10-16,0.0203193984925746,-0.689580513164401,-0.703942209482193,0.0610709227621555,0.0227345377206802
2020-10-23,0.009246252477169,-0.8379337638616562,-0.0261119306087493,-0.2524493113160133,-0.9187971707433462
2020-10-30,-0.9533043755218388,0.7998129352927208,-0.0243296381086111,0.8145414665341377,0.7998128198087215
2020-11-06,0.8034925125539303,-0.0530201941728591,-0.0093338266015052,-0.1491206139326095,-0.9454723848029972
2020-11-13,-0.0319910123944282,0.011650763452053,0.1731739155948162,-0.1635301522910595,0.0837519392371177
2020-11-20,0.3141514360904693,0.4240295886993408,0.0447942372411489,0.0606357399374246,0.4240298867225647
2020-11-27,-0.2510344162583351,-0.1403062641620636,0.9274226240813732,0.1199104441329836,-0.1403065025806427
2020-12-04,-0.8221575766801834,-0.4227572232484817,0.9260449800640344,0.3715711031109094,-0.7070521414279938
2020-12-11,-0.1266412902623415,-0.0277452766895294,-0.4136287271976471,0.0438408274203538,-0.0277452506124973
2020-12-18,-0.0254420321434736,-0.0418891757726669,0.3789609894156456,-0.3464888036251068,0.3080199658870697
2020-12-25,0.0745224133133888,-0.9436402628198266,-0.7517212927341461,0.0715473908931016,-0.9436402628198266
2021-01-01,-0.2989861369132995,-0.8926877602934837,0.7363759428262711,0.0226794742047786,0.0704132616519928
2021-01-08,0.885410763323307,0.2179897427558899,-0.931513337418437,-0.0269894152879714,0.2179897427558899
2021-01-15,0.8939559040591121,0.6517679840326309,-0.9081007782369852,0.0381081905215978,0.6517679840326309
2021-01-22,-0.0315803587436676,-0.902138102799654,0.460428774356842,0.1282211393117904,-0.0917982868850231
2021-01-29,-0.9444913445040584,0.1051413202658295,0.0808514095842838,-0.9291906859725714,0.0011865496635437
2021-02-05,0.8797324076294899,-0.0164282880723476,0.9261599741876124,-0.691549014300108,-0.0164282880723476
2021-02-12,0.002002578228712,0.0464500226080417,-0.4667903631925583,-0.8409523442387581,0.0464500226080417
2021-02-19,-0.007438400760293,-0.8813059851527214,-0.8433470651507378,0.0343481078743934,-0.8813059851527214
2021-02-26,0.0466285515576601,-0.0215707123279571,-0.0586462765932083,0.101552814245224,-0.5554301291704178
2021-03-05,-0.8612799663096666,-0.1961697936058044,-0.8091161847114563,0.6297638900578022,-0.1961697936058044
2021-03-12,0.1446893475949764,0.0273299068212509,-0.9209038177505136,-0.0061228424310684,0.803277675062418
2021-03-19,-0.892554797232151,0.7810906544327736,-0.1010083742439746,0.0352567005902528,0.7810906544327736
2021-03-26,-0.2545220628380775,-0.4337150156497955,-0.9674607459455729,-0.4514065384864807,0.4292496740818023
2021-04-02,-0.048793539404869,0.6054256707429886,-0.9048745296895504,0.1867314800620079,0.6054256707429886
2021-04-09,-0.0119085405021905,-0.0627119578421115,0.9211745727807285,-0.0134089104831218,-0.9435241986066104
2021-04-16,-0.6446994841098785,-0.08372163772583,-0.1454857885837555,-0.4185728766024112,0.1435921220108866
2021-04-23,0.0565354991704225,-0.9120700601488352,0.9287766013294458,-0.2055951356887817,-0.9120700601488352
2021-04-30,-0.0074460543692111,-0.3091976344585418,-0.9537712149322032,-0.926984503865242,-0.3091976344585418
2021-05-07,0.7532939463853836,0.2431510500609874,0.7209645062685013,-0.0164745207875967,-0.908738289028406
2021-05-14,-0.9601195128634572,-0.0832304060459137,-0.5976363867521286,-0.8052435219287872,0.9085423275828362
2021-05-21,-0.9627780737355351,-0.761474609375,0.9206008929759264,-0.0048714205622673,-0.761474609375
2021-05-28,-0.6645490005612373,0.107495691627264,-0.2680084705352783,0.1140661677345633,0.9140441156923772
2021-06-04,0.1417326014488935,-0.9380195569247008,-0.0218736231327056,-0.0471163727343082,-0.9380195569247008
2021-06-11,-0.7244293950498104,-0.9210701156407596,-0.9605968473479152,0.0562620786949992,-0.9210701156407596
2021-06-18,-0.5343212075531483,-0.932761313393712,0.009685069322586,0.3224269077181816,-0.932761313393712
2021-06-25,-0.0119085405021905,0.0284808408468961,-0.0087602864950895,-0.1107019651681184,-0.7863435912877321
2021-07-02,-0.8377928212285042,-0.3221109509468078,0.395758792757988,0.0143702290952205,-0.3221109509468078
2021-07-09,-0.8748230990022421,-0.9675594442524016,-0.0253514256328344,0.1723030544817447,-0.9675594442524016
2021-07-16,-0.9529413133859634,0.0330144837498664,0.0689773978665471,0.0588942393660545,0.0330144837498664
2021-07-23,-0.9393239114433528,-0.5246072709560394,0.5815084539353848,0.0107859019190073,-0.5246072709560394
2021-07-30,0.4825467430055141,-0.9308723509311676,-0.0277517829090356,-0.0090372674167156,-0.0471140183508396
2021-08-06,-0.922273480333388,-0.7400781884789467,-0.0251415558159351,0.4417268261313438,-0.261407122015953
2021-08-13,0.0386551637202501,0.0284670013934373,-0.9264346370473504,-0.9242012929171324,0.0284670013934373
2021-08-20,-0.9542218968272208,-0.0048944503068923,-0.6903939694166183,-0.2701957672834396,-0.0048944503068923
2021-08-27,-0.1537324488162994,-0.0058661382645368,0.0335267409682273,-0.0246405191719532,-0.0058661382645368
2021-09-03,-0.7804362922906876,0.0873385369777679,0.9113769941031932,0.0340668447315692,-0.697638750076294
2021-09-10,-0.960986246354878,-0.9530253279954196,0.8971514031291008,0.1211800249293446,-0.9530253279954196
2021-09-17,0.1309028342366218,0.035412386059761,0.2844409346580505,-0.1038025449961423,0.035412386059761
2021-09-24,-0.9590947730466725,-0.10479486733675,0.0346656516194343,0.1303638741374015,-0.1594224721193313
2021-10-01,0.009531170129776,0.0496717598289251,-0.0137336440384387,-0.9541334295645356,-0.7304184138774872
2021-10-08,-0.0557230692356824,-0.023430909961462,-0.9026366025209428,0.8790959566831589,-0.6424474865198135
2021-10-15,-0.015772171318531,-0.0223729014396667,0.9300323817878962,-0.7510343119502068,-0.0223729014396667
2021-10-22,0.0439130961894989,0.0005125179886817,0.0384903512895107,-0.9423831952735782,0.0005125179886817
2021-10-29,-0.0184096805751323,-0.9392347019165754,-0.4794055968523025,-0.8682817835360765,-0.9392347019165754
2021-11-05,-0.007438400760293,-0.0203392803668975,-0.9316114690154792,-0.0317839197814464,-0.1211169473826885
2021-11-12,-0.5005059037357569,0.8491604812443256,0.8434746265411377,-0.8448086343705654,0.8491604812443256
2021-11-19,0.8939559562131763,-0.8034885041415691,0.9159513413906096,0.2320672869682312,-0.8034885041415691
2021-11-26,-0.960842491593212,-0.6996692270040512,-0.96542008779943,-0.5800611972808838,-0.0471140183508396
2021-12-03,0.0254572741687297,0.1547724874690175,-0.112085161730647,0.3843506090342998,-0.026256326586008
2021-12-10,0.9202942568808794,-0.0311108119785785,-0.7974070385098457,0.0291084051132202,-0.0311108119785785
2021-12-17,-0.9617210337892176,-0.4419125914573669,-0.7362409234046936,-0.662657119333744,-0.0471140183508396
2021-12-24,-0.4284949563443661,0.0348830353468656,0.1482471860945224,-0.2701682820916176,0.2008243165910244
2021-12-31,-0.8837046809494495,0.7782934233546257,-0.4599500447511673,-0.0195881761610507,0.7782934233546257
2022-01-07,0.654449813067913,0.6530337706208229,0.2110476717352867,-0.7143830694258213,0.6530340909957886
2022-01-14,-0.8653784915804863,-0.9328957293182611,-0.7284094616770744,-0.0235843565315008,-0.906764281913638
2022-01-21,-0.7267242353409529,-0.0990669690072536,0.6748887225985527,0.1219961941242218,-0.3684170097112655
2022-01-28,-0.5149804353713989,0.2989303302019834,0.7745503634214401,-0.5421723276376724,-0.0471140183508396
2022-02-04,-0.4068476259708404,-0.4398617148399353,-0.8956631794571877,-0.0055673718452453,0.8366580381989479
2022-02-11,-0.0158707071095705,0.1077865660190582,-0.9573960108682512,-0.0209000725299119,0.844557523727417
2022-02-18,-0.959596047643572,0.0325888432562351,0.8965434804558754,0.8769940882921219,-0.9126548981294036
2022-02-25,-0.0345934089273214,-0.9434902975335716,0.5639042407274246,-0.146627340465784,-0.5256118327379227
2022-03-04,-0.9633321249857544,-0.0085540935397148,0.0830112053081393,-0.2031002640724182,-0.0085541047155857
2022-03-11,0.1241946350783109,0.1088884025812149,-0.4784949384629726,0.0284831430763006,0.1088883094489574
2022-03-18,-0.2445329986512661,0.9220230421051384,0.0271418765187263,-0.0939641296863555,-0.2090304940938949
2022-03-25,-0.189690500497818,-0.7635505236685276,0.912061333656311,-0.014966681599617,-0.1803007274866104
2022-04-01,-0.9555894695222378,-0.8924727439880371,0.8565933285281062,0.0455867107957601,-0.7116114273667336
2022-04-08,-0.9240478910505772,-0.7261890191584826,-0.7016196623444557,0.0553120411932468,-0.7261887732893229
2022-04-15,-0.946945793926716,-0.931793519295752,0.053306195884943,-0.0691780336201191,-0.0345654375851154
2022-04-22,0.9004113487899303,-0.5389937460422516,0.8354246392846107,0.1046092957258224,-0.5389935374259949
2022-04-29,0.8549857772886753,0.032724168151617,-0.965153350494802,0.0191543698310852,0.8820844497531652
2022-05-06,-0.5013026893138885,0.0271761361509561,-0.1883853673934936,0.7579891290515661,-0.0471140183508396
2022-05-13,-0.9531581420451404,0.8401305861771107,-0.6071047112345695,0.2793314638547599,-0.1272382736206054
2022-05-20,-0.9526031538844107,0.0125537887215614,-0.9468359667807816,0.1618652641773224,-0.1652946192771196
2022-05-27,-0.4544359222054481,0.0020027142018079,0.3500096946954727,-0.2983430046588182,-0.0471140183508396
2022-06-03,-0.6170980781316757,0.0003417506814002,0.4195429980754852,0.2219818979501724,0.0003418698906898
2022-06-10,-0.9086555689573288,0.6025370508432388,0.8787105716764927,-0.0418506637215614,0.1322321780025959
2022-06-17,-0.9238049909472466,-0.7490559443831444,-0.9641730329021811,-0.0365381389856338,-0.1370870303362608
2022-06-24,-0.4442006088793278,0.6043337434530258,-0.9560683695599436,-0.2855909075587988,-0.072444848716259
2022-07-01,0.559029046446085,-0.0875841546803712,-0.6744338143616915,0.0575942788273096,-0.0875841248780489
2022-07-08,-0.0074384119361639,-0.3127727508544922,-0.8439126163721085,0.0420781327411532,-0.0246708691120147
2022-07-15,-0.9595936695113778,-0.2366322539746761,0.0303887110203504,0.0712854973971843,0.3356614559888839
2022-07-22,-0.2267411351203918,-0.9155610091984272,-0.9304139222949744,0.5347618898376822,-0.8976499997079372
2022-07-29,-0.7252701967954636,-0.934842054732144,-0.7242764532566071,-0.756459403783083,0.5215707719326019
2022-08-05,-0.9276574403047562,-0.0141461752355098,0.302669420838356,-0.912231688387692,0.0042148418724536
2022-08-12,-0.0825512558221817,-0.9290289152413608,-0.8693147338926792,-0.0185419768095016,-0.948752303607762
2022-08-19,-0.3115366995334625,-0.6137986108660698,-0.9495822619646788,0.0146564673632383,-0.1284205447882414
2022-08-26,0.9113471321761608,0.3203613460063934,-0.9291201382875444,0.8216154593974352,0.8972320556640625
2022-09-02,-0.945508262142539,-0.0717778019607067,-0.9608255652710797,-0.0319788679480552,-0.0717778019607067
2022-09-09,-0.6509575098752975,0.7783340215682983,0.0102137923240661,0.0063675846904516,0.7783340215682983
2022-09-16,0.8749676831066608,-0.025674233213067,-0.7919847276061773,0.0214571245014667,-0.025674233213067
2022-09-23,0.8905478492379189,-0.2727630659937858,-0.9633005922660232,0.0448989849537611,0.0116286762058734
2022-09-30,-0.9565342701971532,-0.8611112721264362,0.0492750890552997,0.7608489915728569,0.0660508051514625
2022-10-07,-0.9628713349811732,-0.8618979826569557,0.9214390888810158,0.1102905124425888,0.1370861530303955
2022-10-14,0.0543334912508726,0.0125874131917953,-0.0468611009418964,-0.2359602600336074,0.0125874131917953
2022-10-21,0.4026025533676147,0.1271189153194427,0.8386265635490417,-0.0392410270869731,0.1271189153194427
2022-10-28,-0.9277475029230118,-0.0202920287847518,-0.937717080116272,-0.1567728333175182,-0.0202920883893966
2022-11-04,-0.9588478207588196,-0.6062421724200249,-0.9512832537293434,0.1497898502275347,-0.5195134878158569
2022-11-11,0.7239711433649063,-0.9314388558268548,-0.5017669498920441,-0.0070227589458227,-0.9314388688653708
2022-11-18,-0.4422134570777416,-0.6290279887616634,0.5541349239647388,-0.9458041582256556,-0.6290283761918545
2022-11-25,0.6409418284893036,0.5752485617995262,-0.7818409968167543,0.0021167695522308,0.5752492565661669
2022-12-02,0.032044231891632,0.1824944857507944,-0.0311969369649887,-0.5026759654283524,-0.1096565425395965
2022-12-09,0.632864311337471,-0.9509160397574306,-0.0545059815049171,0.1851214226335287,-0.9509160397574306
2022-12-16,-0.1505801118910312,-0.0519863367080688,0.1971743777394294,-0.4554964900016784,-0.7693801932036877
2022-12-23,0.9113587252795696,-0.8769870698451996,-0.1118301302194595,0.027250375598669,-0.3943275809288025
2022-12-30,-0.3795885760337114,0.0766640668734908,-0.935981523245573,-0.486435417085886,0.005466841161251
2023-01-06,-0.9571588803082705,-0.2174593210220337,0.7892539948225021,-0.9523677080869676,-0.944459231570363
2023-01-13,-0.0546727180480957,0.1994964517652988,-0.1258640456944704,-0.0405799224972724,-0.0037259757518768
2023-01-20,-0.955871862359345,0.0648829266428947,0.1174703557044267,0.0384749621152877,0.0648829266428947
2023-01-27,0.8462247550487518,0.1031869500875473,0.692859597504139,-0.0020523071289062,0.1031869500875473
2023-02-03,0.0224283523857593,-0.2665008977055549,0.028258629143238,-0.061848945915699,-0.2665008977055549
2023-02-10,-0.9591008387506008,0.1360382735729217,-0.901688951998949,0.2942267805337906,0.1360382735729217
2023-02-17,-0.3022061102092266,0.0362380929291248,-0.1438605524599552,0.0459547638893127,0.0362380929291248
2023-02-24,0.8549857772886753,0.0265775490552186,-0.0099863857030868,0.0458709355443716,-0.8213512487709522
2023-03-03,-0.9485068395733832,-0.0403286293148994,0.9189648292958736,-0.1254630144685506,0.7111839652061462
2023-03-10,0.8549857772886753,0.6796168684959412,-0.133663147687912,0.148838261142373,-0.3555637747049331
2023-03-17,-0.4078833982348442,-0.9548823423683644,0.6761514395475388,-0.7436480298638344,-0.9548823423683644
2023-03-24,-0.9087277948856354,-0.241786926984787,0.8272318840026855,-0.0068950578570365,-0.241786926984787
2023-03-31,-0.0180789530277252,-0.060536190867424,0.5662734918296337,-0.2097443342208862,-0.060536190867424
2023-04-07,-0.9649791456758976,0.0115022622048854,0.0705249365419149,0.9303006175905466,0.0115022622048854
2023-04-14,0.051463371142745,-0.1507985591888427,0.1337641477584839,-0.7814640253782272,-0.1507985591888427
2023-04-21,0.0096361860632896,-0.0045582577586174,0.0675774067640304,0.1211921405047178,-0.0045582577586174
2023-04-28,-0.4587000161409378,-0.8784847594797611,-0.9516208404675126,0.1623771544545889,0.0288703422993421
2023-05-05,0.0860602185130119,-0.1106700114905834,0.1636315658688545,-0.0195613838732242,-0.1106700114905834
2023-05-12,-0.922079561278224,-0.7423924431204796,0.2560356613248586,0.012643814086914,-0.7423924431204796
2023-05-19,-0.9410493243485688,-0.9191781776025892,0.9180724136531352,0.1075757723301649,-0.0685385130345821
2023-05-26,-0.0431680735200643,-0.8768845647573471,0.4300694316625595,0.9283012356609106,-0.8768845647573471
2023-06-02,0.0095750503242015,-0.9521027179434896,-0.0290719084441661,0.0213829688727855,-0.9521027179434896
2023-06-09,-0.928509958088398,0.0632061976939439,-0.0012175254523754,0.0163304731249809,0.0133050456643104
2023-06-16,0.8647909052670002,-0.8226308301091194,-0.0902418475598096,-0.7195809185504913,-0.822630986571312
2023-06-23,-0.0128665827214717,0.9317797534167768,-0.9367737267166376,0.0750495158135891,0.2838783673942089
2023-06-30,-0.6343785971403122,-0.1075311116874218,-0.0032447502017021,0.063875401392579,-0.0594130847603082
2023-07-07,-0.4472135305404663,-0.9521027179434896,-0.0241819359362125,-0.2803331613540649,-0.9521027076989412
2023-07-14,0.8473506607115269,-0.8801590502262115,-0.0248598754405975,0.1437734458595514,-0.1191088426858186
2023-07-21,0.0318491458892822,-0.948639815673232,0.7892015837132931,-0.7307464107871056,0.9282542113214732
2023-07-28,-0.1686337143182754,-0.9620309071615338,0.0236468631774187,-0.7168681398034096,-0.9620309039019048
2023-08-04,-0.0246936678886413,-0.9521027179434896,0.0360731314867734,-0.4299934692680836,-0.4353703558444977
2023-08-11,0.0754060940816998,0.0269022993743419,0.0959346080198884,-0.0297349989414215,0.0269023273140192
2023-08-18,-0.7745547760277987,-0.1209259498864412,0.9017314948141576,-0.0105245225131511,-0.0021275356411933
2023-08-25,-0.9123995341360568,0.5966180488467216,0.1749670701101422,0.8671816848218441,0.596617229282856
2023-09-01,0.0213344171643257,-0.9521027179434896,-0.1886589378118515,-0.6388379912823439,-0.9521027076989412
2023-09-08,-0.0765308048576116,-0.1158067248761653,0.3320694202557206,0.0202605761587619,-0.9592941608279943
2023-09-15,0.2166213989257812,-0.8530566021800041,0.7398506626486778,-0.067658731713891,-0.8530556634068489
2023-09-22,-0.0383627377450466,-0.8690521288663149,-0.0101948287338018,-0.910866668447852,-0.8690522685647011
2023-09-29,0.4738920629024505,-0.0253423750400543,-0.1196804363280534,-0.9204941354691982,-0.0253419578075408
2023-10-06,-0.0559263229370117,-0.5731351524591446,-0.8666620030999184,-0.6556843221187592,0.6076773107051849
2023-10-13,0.0111226961016654,-0.9344920180737972,0.7496869713068008,-0.1021225154399871,0.0928110666573047
2023-10-20,0.1336429975926876,0.0393967740237712,-0.1587180811911821,-0.1898213364183902,0.0393968448042869
2023-10-27,-0.0361771583557128,-0.7109275013208389,0.0298779085278511,-0.7979961186647415,-0.71092788875103
2023-11-03,-0.8381947129964828,0.8347387239336967,0.7551460824906826,0.0040829703211784,-0.505035787820816
2023-11-10,-0.926458740606904,-0.1178578995168209,-0.8272694870829582,0.0271355621516704,-0.117857763543725
2023-11-17,0.2469834685325622,0.0294671468436718,-0.0568198077380657,-0.0228762216866016,-0.575895220041275
2023-11-24,0.1139740599319338,-0.1276632882654667,0.5707630701363087,0.0607185959815979,-0.1276631820946931
2023-12-01,-0.0039335470646619,0.6755774607881904,0.037711402401328,0.1353965159505605,0.6755774104967713
2023-12-08,0.7506353240460157,-0.2188324406743049,0.4258731454610824,-0.6137730218470097,-0.2188325505703687
2023-12-15,-0.962097472511232,-0.0776186883449554,-0.7963057942688465,-0.955644871108234,-0.9508965741842984
2023-12-22,0.0137054249644279,0.8534456342458725,0.112543873488903,-0.7884554322808981,-0.8109323754906654
2023-12-29,0.8377070724964142,-0.1321727316826582,-0.4886460751295089,0.6094390451908112,-0.1321729328483343
2024-01-05,-0.9583357898518444,-0.0611453056335449,-0.9040105678141116,-0.0114645194262266,-0.0611422955989837
2024-01-12,0.0162490550428628,0.0749839395284652,-0.0491836257278919,-0.0402397010475397,0.0960866063833236
2024-01-19,-0.9574727052822708,-0.1044577807188034,-0.4779539182782173,-0.4929151237010956,0.0561999510973691
2024-01-26,0.0396760068833828,-0.1896820310503244,0.1861922238022089,0.0494022127240896,-0.1896820310503244
2024-02-02,0.6411467343568802,-0.9393268823623656,-0.5702338516712189,-0.2791234850883484,0.0624727420508861
2024-02-09,-0.4504501037299633,-0.9556192345917224,0.4795010089874267,0.1007020473480224,-0.9556192345917224
2024-02-16,-0.9551210897043348,-0.8405576422810555,-0.6773237586021423,-0.8046049550175667,0.6528270840644836
2024-02-23,0.2061943598091602,-0.6827071495354176,0.9220993081107736,0.1743308696895837,-0.6827071495354176
2024-03-01,0.0572414509952068,-0.092945959419012,0.0197186879813671,0.053523302078247,-0.092945959419012
2024-03-08,-0.1079170629382133,0.0592118483036756,0.0493527296930551,-0.4694121032953262,-0.784590594470501
2024-03-15,0.0434103645384311,0.4645331501960754,0.4400405809283256,0.9212518641725184,0.4645331501960754
2024-03-22,-0.0799201652407646,-0.2642689794301986,-0.0250891298055648,0.2876729192212224,0.1167480591684579
2024-03-29,0.2208882682025432,-0.1442227307707071,-0.7343140468001366,-0.053163394331932,-0.1442227307707071
2024-04-05,-0.1543176621198654,-0.18941280990839,0.6205258369445801,0.4893407970666885,-0.18941280990839
2024-04-12,0.0331207327544689,0.5017435252666473,0.0184782184660434,0.5545116811990738,0.8421150967478752
2024-04-19,0.0220308043062686,0.2765854001045227,0.0158921591937541,0.0783039089292287,-0.1484467759728431
2024-04-26,-0.9422003859654068,-0.070182355120778,-0.9342383909970522,-0.9420331940054892,-0.070182355120778
2024-05-03,0.0183214098215103,-0.8044041357934475,0.0107620358467102,0.0003523975610733,-0.8044041357934475
2024-05-10,0.0339578241109848,-0.890955001115799,0.1466913148760795,-0.044803649187088,-0.890955001115799
2024-05-17,-0.0034625940024852,-0.0599847882986068,0.8617871962487698,-0.1479984112083912,-0.96560147870332
2024-05-24,-0.033784894272685,-0.8722267188131809,0.5439539216458797,-0.6855176668614149,-0.8722267188131809
2024-05-31,0.1369981169700622,0.710439883172512,0.7225358113646507,0.1115871388465166,-0.1246679462492466
2024-06-07,-0.8591627180576324,-0.0615813545882701,-0.9326705252751708,-0.6344001740217209,-0.0615813545882701
2024-06-14,0.7640078952535987,-0.100455455482006,0.2022954821586609,0.22808638215065,-0.100455455482006
2024-06-21,-0.0263187550008296,-0.9477457646280528,-0.021472729742527,0.5070339683443308,-0.9477457646280528
2024-06-28,-0.1296010185033083,0.037596071138978,-0.0572069585323333,-0.192544300109148,-0.3737927228212356
2024-07-05,-0.0124442875385284,-0.6077916920185089,0.5122466832399368,-0.0666496511548757,0.1535012945532798
2024-07-12,0.091252027079463,-0.1896820310503244,0.8272343873977661,0.5126837361603975,-0.1896820310503244
2024-07-19,-0.1474266611039638,-0.1977487560361623,-0.0861528217792511,0.1375532671809196,-0.1977487560361623
2024-07-26,-0.92386095225811,-0.4042903706431389,0.0162224080413579,-0.02106723934412,-0.4042903706431389
2024-08-02,-0.5464470013976097,-0.127188004553318,0.8064382132142782,0.3257318437099457,-0.9600733565166591
2024-08-09,-0.9559691669419408,-0.9581367308273911,0.9232013039290904,0.6948208212852478,-0.9558046078309416
2024-08-16,-0.0390677936375141,-0.1977487560361623,0.5994147136807442,-0.8219360187649727,-0.1977487560361623
2024-08-23,0.8067071363329887,-0.4109041094779968,0.813738152384758,0.2291424572467804,-0.4109041094779968
2024-08-30,-0.0136399678885936,-0.1024077534675598,-0.0086150094866752,-0.5873218439519405,-0.1024083234369754
2024-09-06,0.0136371403932571,-0.0404008664190769,0.8479799665510654,-0.8139853961765766,-0.0459144189953804
2024-09-13,0.9172352515161036,-0.89444949477911,0.884584441781044,0.0251592621207237,0.0892084799706935
2024-09-20,-0.9475509487092496,0.5772393643856049,0.0263043027371168,-0.0804121196269989,-0.9531097412109376
2024-09-27,-0.1097265779972076,-0.5382606722414494,0.8417883142828941,0.0241654589772224,-0.5382604822516441
2024-10-04,0.1569012999534607,-0.1867898534983396,0.0359735749661922,0.0382075048983097,-0.860773179680109
2024-10-11,0.0037759244441986,-0.9631164977326988,-0.1796805933117866,0.0015916787087917,-0.0351799428462982
2024-10-18,0.8586404137313366,-0.9515847666189076,0.8977621626108885,0.1069378452375531,-0.9515847731381656
2024-10-25,-0.4146827310323715,-0.0388739686459302,-0.0253218170255422,0.0775899440050125,-0.7996339872479439
2024-11-01,-0.0247227624058723,-0.1857092659920454,-0.0442509427666664,-0.4847344905138016,-0.152247279882431
2024-11-08,0.463323563337326,0.8408119343221188,0.0001392234116792,0.107931762933731,0.8408117890357971
2024-11-15,-0.9602874889969826,0.605268158018589,-0.0352527275681495,0.0556151829659938,-0.2345035672187805
2024-11-22,0.0388182774186134,-0.1857092659920454,0.6114417463541031,0.0188440345227718,-0.1857091765850782
2024-11-29,0.4261124283075332,-0.1857092659920454,-0.3138219714164734,-0.8618817776441574,-0.9565607933327556
2024-12-06,0.7874724604189396,-0.2566134668886661,0.033206183463335,-0.7186057791113853,-0.9502372769638896
2024-12-13,0.0307591371238231,0.8175385370850563,0.1323716565966606,-0.1229897830635309,0.2626838088035583
2024-12-20,-0.9277416160330176,-0.7903655730187893,-0.6824977435171604,0.0359681844711303,0.2958340644836426
2024-12-27,-0.2362760603427887,0.2589144855737686,-0.0218205079436302,0.0658851284533739,0.8902783133089542
2025-01-03,0.9199921879917384,-0.1977487560361623,-0.8549223616719246,-0.0039164386689662,-0.949978836812079
2025-01-10,0.0182171296328306,-0.3679386973381042,0.0280402526259422,0.2968955934047699,0.6264197677373886
2025-01-17,-0.5803034603595734,-0.2424423992633819,-0.7537172585725784,-0.0032826177775859,0.609931081533432
2025-01-24,-0.9645630270242692,-0.2424423992633819,-0.4193632937967777,0.0202090740203857,-0.1707462668418884
2025-01-31,0.0795782972127199,-0.029530182480812,-0.1040401980280876,-0.0535070076584816,-0.8384772874414921
2025-02-07,0.0045953579246997,0.0778229832649231,-0.0259365439414978,0.1256964085623622,0.1273326314985752
2025-02-14,0.0450568106025457,-0.933505117893219,0.0519274473190307,0.0339929386973381,0.4252814352512359
2025-02-21,-0.9339045472443104,-0.0591118596494197,0.0253187119960784,-0.258486345410347,-0.937480291351676
2025-02-28,-0.9639662355184556,-0.9548748694360256,0.9265590868890284,0.0383161734789609,-0.949517123401165
2025-03-07,0.3635212779045105,0.0091594830155372,0.2305668890476226,0.8055667504668236,0.0855278670787811
2025-03-14,-0.8872718419879675,-0.9534029513597488,-0.9426224948838352,-0.7793752048164606,-0.9534029513597488
2025-03-21,-0.1922953985631466,0.8122196979820728,-0.2115448415279388,-0.1419146750122308,-0.3141147196292877
2025-03-28,-0.6637149322777987,-0.5441023148596287,0.0299592912197113,0.8387991599738598,-0.6030310392379761
2025-04-04,-0.3560240752995014,-0.9503221213817596,0.0904339551925659,0.6245007365942001,-0.9503220031037928
2025-04-11,-0.9270931482315063,-0.4741667509078979,0.013703066855669,0.0470596309751272,-0.8723309300839901
2025-04-18,-0.0123816262930631,-0.011348433792591,-0.0061880405992269,-0.0042436383664608,-0.7866631597280502
2025-04-25,-0.0326592978090047,0.1282722279429435,-0.3421196825802326,-0.0019058939069509,-0.4841036945581436
2025-05-02,0.0162490550428628,0.1282722279429435,-0.7935890853404999,0.0137990042567253,-0.9478292521089317
2025-05-09,0.9189407359808685,0.8493360467255116,-0.6653355807065964,-0.0739827565848827,-0.9378940695896744
2025-05-16,-0.2087485678493976,0.3228403925895691,0.2105370871722698,-0.9441335890442132,0.4018570184707641
2025-05-23,0.5605046600103378,-0.2110606171190738,0.0013335943222045,0.051478206180036,0.5696218311786652
2025-05-30,0.1068810485303402,0.7738191112875938,-0.8720844238996506,-0.0001760125160217,-0.5384272038936615
2025-06-06,0.1068810485303402,-0.9589305543340744,0.8023862354457378,0.1795884184539318,-0.0121906474232673
2025-06-13,-0.5378288179636002,-0.9396267309784888,0.841873973608017,-0.0001095999032258,-0.9396267170086504
2025-06-20,0.8680023802444339,-0.5020266957581043,-0.1085779517889022,-0.3226468525826931,-0.5020272694528103
2025-06-27,-0.0125200301408767,-0.9001764003187418,-0.6926037818193436,0.1036805622279644,-0.937898681499064
2025-07-04,0.1068810485303402,0.8806958086788654,0.9117767103016376,0.5010118037462234,0.3685945942997932
2025-07-11,0.0613572299480438,0.8687639459967613,0.9095489792525768,-0.944730969145894,-0.9512322461232544
2025-07-18,0.9093015901744366,-0.0563249588012695,0.9026015270501376,0.0316950194537639,0.7710342891514301
2025-07-25,0.0033282618969678,-0.9361313646659256,-0.0553625226020813,0.6650364026427269,-0.9452785896137356
2025-08-01,-0.941942697390914,-0.9617892941460012,0.0034548863768577,-0.0143621284514665,-0.961789290420711
2025-08-08,0.4752804487943649,-0.1179929226636886,-0.637637585401535,-0.9362596534192562,-0.9254665188491344
2025-08-15,0.0103826541453599,-0.7467619478702545,0.0914264023303985,-0.8918027905747294,-0.9335365667939186
2025-08-22,-0.0604774914681911,-0.7899030670523643,0.0132629033178091,-0.9378796750679612,0.3990150690078735
2025-08-29,-0.0145470853894948,0.3425437808036804,0.9100676029920578,-0.0156143903732299,0.3425423800945282
2025-09-05,0.7361167445778847,0.3299062550067901,0.1953061819076538,0.0834171921014785,0.6537520363926888
2025-09-12,-0.0114633608609437,-0.9576364811509848,0.8430786747485399,0.0203159488737583,-0.901485063135624
2025-09-19,0.6024266481399536,-0.0192362666130065,0.0670040324330329,0.0890933368355035,0.648711159825325
2025-09-26,-0.0322970747947692,0.2234878689050674,0.9156276751309632,0.04418003000319,0.2234874963760376
2025-10-03,-0.0186242014169693,-0.5566723048686981,0.5809008479118347,0.0668408703058958,-0.9557194849476218
2025-10-10,-0.0007595568895339,0.2104041874408722,0.5148874819278717,-0.0512346196919679,-0.9364656060934068
2025-10-17,0.0102274641394615,-0.097889419645071,0.4602808877825737,0.7068027332425117,-0.937527511268854
2025-10-24,-0.0842990670353174,0.8867745324969292,-0.9245509039610624,0.7003255933523178,-0.5365874320268631
2025-10-31,-0.7402618173509836,-0.9484424209222198,0.2799369618296623,-0.0138272754848003,0.1753436028957367
2025-11-07,0.0620983503758907,-0.678293377161026,0.8783395700156689,0.0724032539874315,-0.936131501570344
2025-11-14,-0.3155864551663399,0.1327485144138336,0.8676099330186844,0.0801180442795157,0.132748607546091
2025-11-21,0.1529997512698173,-0.9280760902911424,-0.9611173551529646,-0.0666881185024976,-0.9280760902911424
2025-11-28,0.0049857571721076,-0.9540806710720062,-0.9360495768487452,-0.9570238692685962,-0.9540806710720062
2025-12-05,0.3553142305463552,-0.58847576379776,-0.9515100568532944,0.6186096742749214,-0.9464669246226548
2025-12-12,0.8837899081408978,-0.2628169320523739,0.8857741616666317,-0.6736231595277786,-0.8899702578783035
2025-12-19,0.4323158115148544,-0.9577054381370544,0.0117210038006305,-0.0422266721725463,-0.0405355095863342
2025-12-26,0.0438392758369445,0.5398318767547607,0.0657425075769424,0.211646769195795,-0.9193239398300648
2026-01-02,-0.0357239041477441,-0.904210925102234,-0.0020431354641914,0.0341217517852783,-0.904210925102234
2026-01-09,0.0928775928914547,0.4704755544662475,0.4135580882430076,0.0533839426934719,-0.9582429146394134
2026-01-16,-0.0414628200232982,0.2162048518657684,0.8742768839001656,0.1014495324343442,0.6810648292303085
2026-01-23,0.0162490271031856,0.037677364423871,0.7044119313359261,0.455845832824707,-0.9085954390466212
2026-01-30,-0.8185683842748404,0.8410243578255177,0.0412885621190071,0.030524805188179,-0.1798824071884155
2026-02-06,0.0234914720058441,-0.9330946784466504,0.9231793181970716,-0.0233397912234067,-0.9330946784466504
2026-02-13,-0.0336019843816757,-0.888149069622159,0.0248966924846172,-0.9589108349755406,0.7492093965411186
2026-02-20,0.0521812932565808,-0.6827072072774172,0.2370928525924682,0.7843761034309864,0.0021808147430419
2026-02-27,0.0507571455091238,-0.9002389702945948,0.4351817108690738,0.0086381919682025,-0.0398174226284027
2026-03-06,0.8634962998330593,-0.113979697227478,-0.9184908028692008,-0.3279404230415821,-0.114345759153366
2026-03-13,0.8456178847700357,-0.0675963461399078,-0.1190264225006103,0.1117357518523931,-0.6205403208732605
2026-03-20,0.5898575037717819,-0.3237935900688171,-0.927335560321808,-0.0186636503785848,-0.3237929344177246
